ID,Local_ID,Language_ID,Parameter_ID,Value,Form,Segments,Comment,Source,Cognacy,Loan
cojubim-1_i-1,,cojubim,1_i,waza,waza,w a z a,,Duran2000,1_i-A,
kitemoka-1_i-1,,kitemoka,1_i,waja,waja,w a j a,,CrequiMontfortRivet1913,1_i-A,
more-1_i-1,,more,1_i,waʒ̟a,waʒ̟a,w a ʒ̟ a,,Angenot2002;Leigue1957,1_i-A,
orowin-1_i-1,,orowin,1_i,wataʔ,wataʔ,w a t a ʔ,,Birchall2016;deFranca2002,1_i-A,
tapakura-1_i-1,,tapakura,1_i,waja,waja,w a j a,,CrequiMontfortRivet1913,1_i-A,
tora-1_i-1,,tora,1_i,waza,waza,w a z a,,Nimuendaju1925;Nimuendaju1923,1_i-A,
urupa-1_i-1,,urupa,1_i,wata,wata,w a t a,,Nimuendaju1925,1_i-A,
wanyam-1_i-1,,wanyam,1_i,wataʔ,wataʔ,w a t a ʔ,,Ribeiro1998;Hanke1975,1_i-A,
wari-1_i-1,,wari,1_i,wataʔ,wataʔ,w a t a ʔ,,EverettKern1997;Kern1996,1_i-A,
cojubim-2_yousg-1,,cojubim,2_yousg,um,um,u m,,Duran2000,2_yousg-A,
kitemoka-2_yousg-1,,kitemoka,2_yousg,ahum,ahum,a h u m,,CrequiMontfortRivet1913,2_yousg-A,
more-2_yousg-1,,more,2_yousg,momra,momra,m o m r a,,Angenot2002;Leigue1957,2_yousg-A,
orowin-2_yousg-1,,orowin,2_yousg,wym,wym,w y m,,Birchall2016;deFranca2002,2_yousg-A,
tapakura-2_yousg-1,,tapakura,2_yousg,awimo,awimo,a w i m o,,CrequiMontfortRivet1913,2_yousg-A,
tora-2_yousg-1,,tora,2_yousg,webm,webm,w e b m,,Nimuendaju1925;Nimuendaju1923,2_yousg-A,
urupa-2_yousg-1,,urupa,2_yousg,vim,vim,v i m,,Nimuendaju1925,2_yousg-A,
wanyam-2_yousg-1,,wanyam,2_yousg,im,im,i m,,Ribeiro1998;Hanke1975,2_yousg-A,
wari-2_yousg-1,,wari,2_yousg,wum,wum,w u m,,EverettKern1997;Kern1996,2_yousg-A,
kitemoka-3_he-1,,kitemoka,3_he,ariko,ariko,a r i k o,,CrequiMontfortRivet1913,3_he-A,
more-3_he-1,,more,3_he,korari,korari,k o r a r i,,Angenot2002;Leigue1957,3_he-A,
orowin-3_he-1,,orowin,3_he,woriko,woriko,w o r i k o,,Birchall2016;deFranca2002,3_he-A,
tapakura-3_he-1,,tapakura,3_he,arikahu,arikahu,a r i k a h u,,CrequiMontfortRivet1913,3_he-A,
tora-3_he-1,,tora,3_he,wariko,wariko,w a r i k o,,Nimuendaju1925;Nimuendaju1923,3_he-A,
urupa-3_he-1,,urupa,3_he,okain,okain,o k a i n,,Nimuendaju1925,3_he-A,
wanyam-3_he-1,,wanyam,3_he,arukwan,arukwan,a r u k w a n,,Ribeiro1998;Hanke1975,3_he-A,
wari-3_he-1,,wari,3_he,wiriko,wiriko,w i r i k o,,EverettKern1997;Kern1996,3_he-A,
kitemoka-4_we-1,,kitemoka,4_we,watʃe,watʃe,w a tʃ e,,CrequiMontfortRivet1913,4_we-A,
more-4_we-1,,more,4_we,watiʔ,watiʔ,w a t i ʔ,,Angenot2002;Leigue1957,4_we-A,
orowin-4_we-1,,orowin,4_we,wariʔ,wariʔ,w a r i ʔ,,Birchall2016;deFranca2002,4_we-A,
tapakura-4_we-1,,tapakura,4_we,wajahu,wajahu,w a j a h u,,CrequiMontfortRivet1913,4_we-A,
tora-4_we-1,,tora,4_we,wazati,wazati,w a z a t i,,Nimuendaju1925;Nimuendaju1923,4_we-A,
urupa-4_we-1,,urupa,4_we,wari,wari,w a r i,,Nimuendaju1925,4_we-A,
wanyam-4_we-1,,wanyam,4_we,wari,wari,w a r i,,Ribeiro1998;Hanke1975,4_we-A,
wari-4_we-1,,wari,4_we,wariʔ,wariʔ,w a r i ʔ,,EverettKern1997;Kern1996,4_we-A,
more-5_youpl-1,,more,5_youpl,wura,wura,w u r a,,Angenot2002;Leigue1957,5_youpl-A,
orowin-5_youpl-1,,orowin,5_youpl,fuʔ,fuʔ,f u ʔ,,Birchall2016;deFranca2002,5_youpl-A,
tora-5_youpl-1,,tora,5_youpl,wihu,wihu,w i h u,,Nimuendaju1925;Nimuendaju1923,5_youpl-A,
wari-5_youpl-1,,wari,5_youpl,wahuʔ,wahuʔ,w a h u ʔ,,EverettKern1997;Kern1996,5_youpl-A,
orowin-6_they-1,,orowin,6_they,worikoko,worikoko,w o r i k o k o,,Birchall2016;deFranca2002,6_they-A,
tora-6_they-1,,tora,6_they,wariko bap,wariko bap,w a r i k o + b a p,,Nimuendaju1925;Nimuendaju1923,6_they-A,
wari-6_they-1,,wari,6_they,wirikoko,wirikoko,w i r i k o k o,,EverettKern1997;Kern1996,6_they-A,
more-6_they-1,,more,6_they,omapu,omapu,o m a p u,,Angenot2002;Leigue1957,6_they-B,
tapakura-6_they-1,,tapakura,6_they,aʃiri,aʃiri,a ʃ i r i,,CrequiMontfortRivet1913,6_they-C,
more-7_whowhat-1,,more,7_whowhat,ati,ati,a t i,,Angenot2002;Leigue1957,7_whowhat-A,
orowin-7_whowhat-1,,orowin,7_whowhat,ati,ati,a t i,,Birchall2016;deFranca2002,7_whowhat-A,
more-7_whowhat-2,,more,7_whowhat,tikow,tikow,t i k o w,,Angenot2002;Leigue1957,7_whowhat-B,
tora-7_whowhat-1,,tora,7_whowhat,teokaj,teokaj,t e o k a j,,Nimuendaju1925;Nimuendaju1923,7_whowhat-B,
wari-7_whowhat-1,,wari,7_whowhat,kaɲ,kaɲ,k a ɲ,,EverettKern1997;Kern1996,7_whowhat-B,
orowin-8_many-1,,orowin,8_many,mijaʔ,mijaʔ,m i j a ʔ,,Birchall2016;deFranca2002,8_many-A,
tora-8_many-1,,tora,8_many,jab,jab,j a b,,Nimuendaju1925;Nimuendaju1923,8_many-A,
wari-8_many-1,,wari,8_many,mija,mija,m i j a,,EverettKern1997;Kern1996,8_many-A,
cojubim-8_many-1,,cojubim,8_many,napa,napa,n a p a,,Duran2000,8_many-B,
more-8_many-1,,more,8_many,napa,napa,n a p a,,Angenot2002;Leigue1957,8_many-B,
orowin-8_many-2,,orowin,8_many,napa,napa,n a p a,,Birchall2016;deFranca2002,8_many-B,
urupa-8_many-1,,urupa,8_many,katimisam,katimisam,k a t i m i s a m,,Nimuendaju1925,8_many-C,
tora-8_many-2,,tora,8_many,asinëji,asinëji,a s i n ë j i,,Nimuendaju1925;Nimuendaju1923,8_many-D,
kitemoka-8_many-1,,kitemoka,8_many,patiako,patiako,p a t i a k o,,CrequiMontfortRivet1913,8_many-E,
wari-9_few-1,,wari,9_few,parik,parik,p a r i k,,EverettKern1997;Kern1996,9_few-A,
wanyam-9_few-1,,wanyam,9_few,irakaw,irakaw,i r a k a w,,Ribeiro1998;Hanke1975,9_few-B,
orowin-9_few-1,,orowin,9_few,kawasan toman,kawasan toman,k a w a s a n + t o m a n,,Birchall2016;deFranca2002,9_few-C,
wari-9_few-2,,wari,9_few,tokwan,tokwan,t o k w a n,,EverettKern1997;Kern1996,9_few-C,
more-9_few-1,,more,9_few,pun as,pun as,p u n + a s,,Angenot2002;Leigue1957,9_few-D,
tapakura-9_few-1,,tapakura,9_few,matia,matia,m a t i a,,CrequiMontfortRivet1913,9_few-E,
cojubim-10_one-1,,cojubim,10_one,tan,tan,t a n,,Duran2000,10_one-A,
more-10_one-1,,more,10_one,tan,tan,t a n,,Angenot2002;Leigue1957,10_one-A,
orowin-10_one-1,,orowin,10_one,kawasan,kawasan,k a w a s a n,,Birchall2016;deFranca2002,10_one-A,
tapakura-10_one-1,,tapakura,10_one,tan kua,tan kua,t a n + k u a,,CrequiMontfortRivet1913,10_one-A,
tora-10_one-1,,tora,10_one,kwatadn,kwatadn,k w a t a d n,,Nimuendaju1925;Nimuendaju1923,10_one-A,
wanyam-10_one-1,,wanyam,10_one,kawatʃyk,kawatʃyk,k a w a tʃ y k,,Ribeiro1998;Hanke1975,10_one-A,
urupa-10_one-1,,urupa,10_one,munim,munim,m u n i m,,Nimuendaju1925,10_one-B,
kitemoka-10_one-1,,kitemoka,10_one,mamai-omaitʃe,mamai-omaitʃe,m a m a i + o m a i tʃ e,,CrequiMontfortRivet1913,10_one-C,
cojubim-11_two-1,,cojubim,11_two,wakoran,wakoran,w a k o r a n,,Duran2000,11_two-A,
more-11_two-1,,more,11_two,pokoran,pokoran,p o k o r a n,,Angenot2002;Leigue1957,11_two-A,
tapakura-11_two-1,,tapakura,11_two,wagaragatan,wagaragatan,w a g a r a g a t a n,,CrequiMontfortRivet1913,11_two-A,
tora-11_two-1,,tora,11_two,kuradn,kuradn,k u r a d n,,Nimuendaju1925;Nimuendaju1923,11_two-A,
wanyam-11_two-1,,wanyam,11_two,karikan,karikan,k a r i k a n,,Ribeiro1998;Hanke1975,11_two-A,
wari-11_two-1,,wari,11_two,tyky karakan,tyky karakan,t y k y + k a r a k a n,,EverettKern1997;Kern1996,11_two-A,
orowin-11_two-1,,orowin,11_two,jiksam,jiksam,j i k s a m,,Birchall2016;deFranca2002,11_two-B,
tapakura-11_two-2,,tapakura,11_two,ajuken,ajuken,a j u k e n,,CrequiMontfortRivet1913,11_two-C,
jaru-12_big-1,,jaru,12_big,hora,hora,h o r a,,Rondon1948,12_big-A,
orowin-12_big-1,,orowin,12_big,foraʔ,foraʔ,f o r a ʔ,,Birchall2016;deFranca2002,12_big-A,
wari-12_big-1,,wari,12_big,hwaraʔ,hwaraʔ,h w a r a ʔ,,EverettKern1997;Kern1996,12_big-A,
orowin-12_big-2,,orowin,12_big,ekem,ekem,e k e m,,Birchall2016;deFranca2002,12_big-B,
tora-12_big-1,,tora,12_big,ukadn,ukadn,u k a d n,,Nimuendaju1925;Nimuendaju1923,12_big-B,
urupa-12_big-1,,urupa,12_big,evekem,evekem,e v e k e m,,Nimuendaju1925,12_big-B,
wari-12_big-2,,wari,12_big,kote ne,kote ne,k o t e + n e,,EverettKern1997;Kern1996,12_big-C,
cojubim-12_big-1,,cojubim,12_big,ina,ina,i n a,,Duran2000,12_big-D,
more-12_big-1,,more,12_big,ina,ina,i n a,,Angenot2002;Leigue1957,12_big-D,
wanyam-12_big-1,,wanyam,12_big,iparinaj,iparinaj,i p a r i n a j,,Ribeiro1998;Hanke1975,12_big-E,
tapakura-12_big-1,,tapakura,12_big,kowikon,kowikon,k o w i k o n,,CrequiMontfortRivet1913,12_big-F,
kitemoka-12_big-1,,kitemoka,12_big,karatsaiko,karatsaiko,k a r a ts a i k o,,CrequiMontfortRivet1913,12_big-G,
orowin-13_small-1,,orowin,13_small,wijaman,wijaman,w i j a m a n,,Birchall2016;deFranca2002,13_small-A,
urupa-13_small-1,,urupa,13_small,iamaj,iamaj,i a m a j,,Nimuendaju1925,13_small-A,
wanyam-13_small-1,,wanyam,13_small,wijikun,wijikun,w i j i k u n,,Ribeiro1998;Hanke1975,13_small-A,
wari-13_small-1,,wari,13_small,wijima,wijima,w i j i m a,,EverettKern1997;Kern1996,13_small-A,
kitemoka-13_small-1,,kitemoka,13_small,piʃitiko,piʃitiko,p i ʃ i t i k o,,CrequiMontfortRivet1913,13_small-B,
tapakura-13_small-1,,tapakura,13_small,mitʃitikon,mitʃitikon,m i tʃ i t i k o n,,CrequiMontfortRivet1913,13_small-B,
cojubim-13_small-1,,cojubim,13_small,e,e,e,,Duran2000,13_small-C,
more-13_small-1,,more,13_small,eje,eje,e j e,,Angenot2002;Leigue1957,13_small-C,
tora-13_small-1,,tora,13_small,nyaetʃidn,nyaetʃidn,n y a e tʃ i d n,,Nimuendaju1925;Nimuendaju1923,13_small-D,
jaru-13_small-1,,jaru,13_small,ip,ip,i p,,Rondon1948,13_small-E,
jaru-14_woman-1,,jaru,14_woman,jamiriman,jamiriman,j a m i r i m a n,,Rondon1948,14_woman-A,
orowin-14_woman-1,,orowin,14_woman,jamirima,jamirima,j a m i r i m a,,Birchall2016;deFranca2002,14_woman-A,
urupa-14_woman-1,,urupa,14_woman,jamra,jamra,j a m r a,,Nimuendaju1925,14_woman-A,
wanyam-14_woman-1,,wanyam,14_woman,jamarimaʔ,jamarimaʔ,j a m a r i m a ʔ,,Ribeiro1998;Hanke1975,14_woman-A,
wari-14_woman-1,,wari,14_woman,narimaʔ,narimaʔ,n a r i m a ʔ,,EverettKern1997;Kern1996,14_woman-A,
cojubim-14_woman-1,,cojubim,14_woman,tanaman,tanaman,t a n a m a n,,Duran2000,14_woman-B,
more-14_woman-1,,more,14_woman,tanaman,tanaman,t a n a m a n,,Angenot2002;Leigue1957,14_woman-B,
kitemoka-14_woman-1,,kitemoka,14_woman,ɲamaki,ɲamaki,ɲ a m a k i,,CrequiMontfortRivet1913,14_woman-C,
tapakura-14_woman-1,,tapakura,14_woman,jamake,jamake,j a m a k e,,CrequiMontfortRivet1913,14_woman-C,
tora-14_woman-1,,tora,14_woman,nakamin,nakamin,n a k a m i n,,Nimuendaju1925;Nimuendaju1923,14_woman-C,
jaru-15_man-1,,jaru,15_man,kitraman,kitraman,k i t r a m a n,,Rondon1948,15_man-A,
orowin-15_man-1,,orowin,15_man,kitrama,kitrama,k i t r a m a,,Birchall2016;deFranca2002,15_man-A,
urupa-15_man-1,,urupa,15_man,kitrama,kitrama,k i t r a m a,,Nimuendaju1925,15_man-A,
wanyam-15_man-1,,wanyam,15_man,kitaramaʔ,kitaramaʔ,k i t a r a m a ʔ,,Ribeiro1998;Hanke1975,15_man-A,
wari-15_man-1,,wari,15_man,taramaʔ,taramaʔ,t a r a m a ʔ,,EverettKern1997;Kern1996,15_man-A,
cojubim-15_man-1,,cojubim,15_man,namakon,namakon,n a m a k o n,,Duran2000,15_man-B,
more-15_man-1,,more,15_man,namakon,namakon,n a m a k o n,,Angenot2002;Leigue1957,15_man-B,
tora-15_man-1,,tora,15_man,nakon,nakon,n a k o n,,Nimuendaju1925;Nimuendaju1923,15_man-B,
jaru-16_human-1,,jaru,16_human,wanjan,wanjan,w a n j a n,,Rondon1948,16_human-A,
more-16_human-1,,more,16_human,wanjam,wanjam,w a n j a m,,Angenot2002;Leigue1957,16_human-A,
orowin-16_human-1,,orowin,16_human,wajam,wajam,w a j a m,,Birchall2016;deFranca2002,16_human-A,
wanyam-16_human-1,,wanyam,16_human,wanjam,wanjam,w a n j a m,,Ribeiro1998;Hanke1975,16_human-A,
wari-16_human-1,,wari,16_human,wijam,wijam,w i j a m,,EverettKern1997;Kern1996,16_human-A,
jaru-17_child-1,,jaru,17_child,onjan,onjan,o n j a n,,Rondon1948,17_child-A,
more-17_child-1,,more,17_child,joma,joma,j o m a,,Angenot2002;Leigue1957,17_child-A,
orowin-17_child-1,,orowin,17_child,ifijama,ifijama,i f i j a m a,,Birchall2016;deFranca2002,17_child-A,
urupa-17_child-1,,urupa,17_child,uhunjam,uhunjam,u h u n j a m,,Nimuendaju1925,17_child-A,
wanyam-17_child-1,,wanyam,17_child,marahujama,marahujama,m a r a h u j a m a,,Ribeiro1998;Hanke1975,17_child-A,
wari-17_child-1,,wari,17_child,hwijimaʔ,hwijimaʔ,h w i j i m a ʔ,,EverettKern1997;Kern1996,17_child-A,
wari-17_child-2,,wari,17_child,pijeʔ,pijeʔ,p i j e ʔ,,EverettKern1997;Kern1996,17_child-B,
cojubim-17_child-1,,cojubim,17_child,rato,rato,r a t o,,Duran2000,17_child-C,
more-17_child-2,,more,17_child,ratoʔ,ratoʔ,r a t o ʔ,,Angenot2002;Leigue1957,17_child-C,
tora-17_child-1,,tora,17_child,irato,irato,i r a t o,,Nimuendaju1925;Nimuendaju1923,17_child-C,
kitemoka-17_child-1,,kitemoka,17_child,etiw,etiw,e t i w,,CrequiMontfortRivet1913,17_child-D,
tapakura-17_child-1,,tapakura,17_child,witʃitikun,witʃitikun,w i tʃ i t i k u n,,CrequiMontfortRivet1913,17_child-E,
cojubim-18_mother-1,,cojubim,18_mother,inaʔ,inaʔ,i n a ʔ,,Duran2000,18_mother-A,
more-18_mother-1,,more,18_mother,inaʔ,inaʔ,i n a ʔ,,Angenot2002;Leigue1957,18_mother-A,
orowin-18_mother-1,,orowin,18_mother,ina,ina,i n a,,Birchall2016;deFranca2002,18_mother-A,
tora-18_mother-1,,tora,18_mother,inja,inja,i n j a,,Nimuendaju1925;Nimuendaju1923,18_mother-A,
wanyam-18_mother-1,,wanyam,18_mother,inaʔ,inaʔ,i n a ʔ,,Ribeiro1998;Hanke1975,18_mother-A,
wari-18_mother-1,,wari,18_mother,naʔ,naʔ,n a ʔ,,EverettKern1997;Kern1996,18_mother-A,
cojubim-18_mother-2,,cojubim,18_mother,uweʔ,uweʔ,u w e ʔ,,Duran2000,18_mother-B,
jaru-18_mother-1,,jaru,18_mother,uwe,uwe,u w e,,Rondon1948,18_mother-B,
more-18_mother-2,,more,18_mother,uweʔ,uweʔ,u w e ʔ,,Angenot2002;Leigue1957,18_mother-B,
orowin-18_mother-2,,orowin,18_mother,ywe,ywe,y w e,,Birchall2016;deFranca2002,18_mother-B,
tora-18_mother-2,,tora,18_mother,iwi,iwi,i w i,,Nimuendaju1925;Nimuendaju1923,18_mother-B,
urupa-18_mother-1,,urupa,18_mother,ive,ive,i v e,,Nimuendaju1925,18_mother-B,
wanyam-18_mother-2,,wanyam,18_mother,ewiʔ,ewiʔ,e w i ʔ,,Ribeiro1998;Hanke1975,18_mother-B,
wari-18_mother-2,,wari,18_mother,we,we,w e,,EverettKern1997;Kern1996,18_mother-B,
cojubim-19_father-1,,cojubim,19_father,ite,ite,i t e,,Duran2000,19_father-A,
jaru-19_father-1,,jaru,19_father,ete,ete,e t e,,Rondon1948,19_father-A,
kitemoka-19_father-1,,kitemoka,19_father,tatia,tatia,t a t i a,,CrequiMontfortRivet1913,19_father-A,
more-19_father-1,,more,19_father,ite,ite,i t e,,Angenot2002;Leigue1957,19_father-A,
orowin-19_father-1,,orowin,19_father,iteʔ,iteʔ,i t e ʔ,,Birchall2016;deFranca2002,19_father-A,
tapakura-19_father-1,,tapakura,19_father,tia-tia,tia-tia,t i a + t i a,,CrequiMontfortRivet1913,19_father-A,
tora-19_father-1,,tora,19_father,ite,ite,i t e,,Nimuendaju1925;Nimuendaju1923,19_father-A,
urupa-19_father-1,,urupa,19_father,ete,ete,e t e,,Nimuendaju1925,19_father-A,
wanyam-19_father-1,,wanyam,19_father,tata,tata,t a t a,,Ribeiro1998;Hanke1975,19_father-A,
wari-19_father-1,,wari,19_father,te,te,t e,,EverettKern1997;Kern1996,19_father-A,
cojubim-20_animal-1,,cojubim,20_animal,patiʔ,patiʔ,p a t i ʔ,,Duran2000,20_animal-A,
more-20_animal-1,,more,20_animal,patiʔ,patiʔ,p a t i ʔ,,Angenot2002;Leigue1957,20_animal-A,
wanyam-20_animal-1,,wanyam,20_animal,patiʔ,patiʔ,p a t i ʔ,,Ribeiro1998;Hanke1975,20_animal-A,
wari-20_animal-1,,wari,20_animal,karawa,karawa,k a r a w a,,EverettKern1997;Kern1996,20_animal-B,
jaru-21_fish-1,,jaru,21_fish,ihamʔ,ihamʔ,i h a m ʔ,,Rondon1948,21_fish-A,
kitemoka-21_fish-1,,kitemoka,21_fish,iham,iham,i h a m,,CrequiMontfortRivet1913,21_fish-A,
orowin-21_fish-1,,orowin,21_fish,ifam,ifam,i f a m,,Birchall2016;deFranca2002,21_fish-A,
tapakura-21_fish-1,,tapakura,21_fish,ihuam,ihuam,i h u a m,,CrequiMontfortRivet1913,21_fish-A,
tora-21_fish-1,,tora,21_fish,hoam,hoam,h o a m,,Nimuendaju1925;Nimuendaju1923,21_fish-A,
urupa-21_fish-1,,urupa,21_fish,iham,iham,i h a m,,Nimuendaju1925,21_fish-A,
wanyam-21_fish-1,,wanyam,21_fish,iham,iham,i h a m,,Ribeiro1998;Hanke1975,21_fish-A,
wari-21_fish-1,,wari,21_fish,hwam,hwam,h w a m,,EverettKern1997;Kern1996,21_fish-A,
cojubim-22_bird-1,,cojubim,22_bird,ume,ume,u m e,,Duran2000,22_bird-A,
jaru-22_bird-1,,jaru,22_bird,ume,ume,u m e,,Rondon1948,22_bird-A,
kitemoka-22_bird-1,,kitemoka,22_bird,hume,hume,h u m e,,CrequiMontfortRivet1913,22_bird-A,
more-22_bird-1,,more,22_bird,ume,ume,u m e,,Angenot2002;Leigue1957,22_bird-A,
orowin-22_bird-1,,orowin,22_bird,yme,yme,y m e,,Birchall2016;deFranca2002,22_bird-A,
tapakura-22_bird-1,,tapakura,22_bird,ime,ime,i m e,,CrequiMontfortRivet1913,22_bird-A,
tora-22_bird-1,,tora,22_bird,uma,uma,u m a,,Nimuendaju1925;Nimuendaju1923,22_bird-A,
urupa-22_bird-1,,urupa,22_bird,ume,ume,u m e,,Nimuendaju1925,22_bird-A,
wanyam-22_bird-1,,wanyam,22_bird,imeʔ,imeʔ,i m e ʔ,,Ribeiro1998;Hanke1975,22_bird-A,
wari-22_bird-1,,wari,22_bird,me,me,m e,,EverettKern1997;Kern1996,22_bird-A,
cojubim-23_peccary-1,,cojubim,23_peccary,tokowan,tokowan,t o k o w a n,,Duran2000,23_peccary-A,
kitemoka-23_peccary-1,,kitemoka,23_peccary,tukawan,tukawan,t u k a w a n,,CrequiMontfortRivet1913,23_peccary-A,
more-23_peccary-1,,more,23_peccary,tokowan,tokowan,t o k o w a n,,Angenot2002;Leigue1957,23_peccary-A,
tapakura-23_peccary-1,,tapakura,23_peccary,tukawa,tukawa,t u k a w a,,CrequiMontfortRivet1913,23_peccary-A,
tora-23_peccary-1,,tora,23_peccary,tukawadn,tukawadn,t u k a w a d n,,Nimuendaju1925;Nimuendaju1923,23_peccary-A,
wanyam-23_peccary-1,,wanyam,23_peccary,tokawan,tokawan,t o k a w a n,,Ribeiro1998;Hanke1975,23_peccary-A,
wari-23_peccary-1,,wari,23_peccary,katatʃik,katatʃik,k a t a tʃ i k,,EverettKern1997;Kern1996,23_peccary-B,
orowin-23_peccary-1,,orowin,23_peccary,oro jaman,oro jaman,o r o + j a m a n,,Birchall2016;deFranca2002,23_peccary-C,
jaru-24_deer-1,,jaru,24_deer,wijemu,wijemu,w i j e m u,,Rondon1948,24_deer-A,
more-24_deer-1,,more,24_deer,jimop,jimop,j i m o p,,Angenot2002;Leigue1957,24_deer-A,
tora-24_deer-1,,tora,24_deer,vijemop,vijemop,v i j e m o p,,Nimuendaju1925;Nimuendaju1923,24_deer-A,
urupa-24_deer-1,,urupa,24_deer,jemob,jemob,j e m o b,,Nimuendaju1925,24_deer-A,
jaru-24_deer-2,,jaru,24_deer,komem,komem,k o m e m,,Rondon1948,24_deer-B,
wari-24_deer-1,,wari,24_deer,komem,komem,k o m e m,,EverettKern1997;Kern1996,24_deer-B,
kitemoka-24_deer-1,,kitemoka,24_deer,kimari,kimari,k i m a r i,,CrequiMontfortRivet1913,24_deer-C,
tapakura-24_deer-1,,tapakura,24_deer,kimari,kimari,k i m a r i,,CrequiMontfortRivet1913,24_deer-C,
wanyam-24_deer-1,,wanyam,24_deer,imariʔ,imariʔ,i m a r i ʔ,,Ribeiro1998;Hanke1975,24_deer-C,
orowin-24_deer-1,,orowin,24_deer,aranasi,aranasi,a r a n a s i,,Birchall2016;deFranca2002,24_deer-D,
cojubim-24_deer-1,,cojubim,24_deer,towam,towam,t o w a m,,Duran2000,24_deer-E,
cojubim-25_louse-1,,cojubim,25_louse,iw,iw,i w,,Duran2000,25_louse-A,
kitemoka-25_louse-1,,kitemoka,25_louse,ahihi,ahihi,a h i h i,,CrequiMontfortRivet1913,25_louse-A,
more-25_louse-1,,more,25_louse,iw,iw,i w,,Angenot2002;Leigue1957,25_louse-A,
orowin-25_louse-1,,orowin,25_louse,iwisi,iwisi,i w i s i,,Birchall2016;deFranca2002,25_louse-A,
tapakura-25_louse-1,,tapakura,25_louse,awi,awi,a w i,,CrequiMontfortRivet1913,25_louse-A,
tora-25_louse-1,,tora,25_louse,iw,iw,i w,,Nimuendaju1925;Nimuendaju1923,25_louse-A,
urupa-25_louse-1,,urupa,25_louse,iw,iw,i w,,Nimuendaju1925,25_louse-A,
wanyam-25_louse-1,,wanyam,25_louse,iwi,iwi,i w i,,Ribeiro1998;Hanke1975,25_louse-A,
wari-25_louse-1,,wari,25_louse,iwʔ,iwʔ,i w ʔ,,EverettKern1997;Kern1996,25_louse-A,
cojubim-26_snake-1,,cojubim,26_snake,karakaw,karakaw,k a r a k a w,,Duran2000,26_snake-A,
jaru-26_snake-1,,jaru,26_snake,krakaon,krakaon,k r a k a o n,,Rondon1948,26_snake-A,
more-26_snake-1,,more,26_snake,karakaw,karakaw,k a r a k a w,,Angenot2002;Leigue1957,26_snake-A,
orowin-26_snake-1,,orowin,26_snake,karakaw,karakaw,k a r a k a w,,Birchall2016;deFranca2002,26_snake-A,
tora-26_snake-1,,tora,26_snake,karakaw,karakaw,k a r a k a w,,Nimuendaju1925;Nimuendaju1923,26_snake-A,
urupa-26_snake-1,,urupa,26_snake,krakaw,krakaw,k r a k a w,,Nimuendaju1925,26_snake-A,
wanyam-26_snake-1,,wanyam,26_snake,karakaw,karakaw,k a r a k a w,,Ribeiro1998;Hanke1975,26_snake-A,
wari-26_snake-1,,wari,26_snake,emʔ,emʔ,e m ʔ,,EverettKern1997;Kern1996,26_snake-B,
jaru-27_worm-1,,jaru,27_worm,emete,emete,e m e t e,,Rondon1948,27_worm-A,
orowin-27_worm-1,,orowin,27_worm,emeteʔ,emeteʔ,e m e t e ʔ,,Birchall2016;deFranca2002,27_worm-A,
wari-27_worm-1,,wari,27_worm,meteʔ,meteʔ,m e t e ʔ,,EverettKern1997;Kern1996,27_worm-A,
more-27_worm-1,,more,27_worm,natanatan,natanatan,n a t a n a t a n,,Angenot2002;Leigue1957,27_worm-B,
wanyam-27_worm-1,,wanyam,27_worm,akak,akak,a k a k,,Ribeiro1998;Hanke1975,27_worm-C,
kitemoka-28_forest-1,,kitemoka,28_forest,omi,omi,o m i,,CrequiMontfortRivet1913,28_forest-A,
more-28_forest-1,,more,28_forest,umi,umi,u m i,,Angenot2002;Leigue1957,28_forest-A,
orowin-28_forest-1,,orowin,28_forest,omi,omi,o m i,,Birchall2016;deFranca2002,28_forest-A,
tora-28_forest-1,,tora,28_forest,umi,umi,u m i,,Nimuendaju1925;Nimuendaju1923,28_forest-A,
wanyam-28_forest-1,,wanyam,28_forest,omi,omi,o m i,,Ribeiro1998;Hanke1975,28_forest-A,
wari-28_forest-1,,wari,28_forest,mi,mi,m i,,EverettKern1997;Kern1996,28_forest-A,
jaru-28_forest-1,,jaru,28_forest,horoam,horoam,h o r o a m,,Rondon1948,28_forest-B,
tapakura-28_forest-1,,tapakura,28_forest,witip,witip,w i t i p,,CrequiMontfortRivet1913,28_forest-C,
cojubim-29_stick-1,,cojubim,29_stick,pana,pana,p a n a,,Duran2000,29_stick-A,
jaru-29_stick-1,,jaru,29_stick,pana,pana,p a n a,,Rondon1948,29_stick-A,
more-29_stick-1,,more,29_stick,pana,pana,p a n a,,Angenot2002;Leigue1957,29_stick-A,
orowin-29_stick-1,,orowin,29_stick,pana,pana,p a n a,,Birchall2016;deFranca2002,29_stick-A,
tapakura-29_stick-1,,tapakura,29_stick,pane,pane,p a n e,,CrequiMontfortRivet1913,29_stick-A,
tora-29_stick-1,,tora,29_stick,pana,pana,p a n a,,Nimuendaju1925;Nimuendaju1923,29_stick-A,
urupa-29_stick-1,,urupa,29_stick,pana,pana,p a n a,,Nimuendaju1925,29_stick-A,
wanyam-29_stick-1,,wanyam,29_stick,pana,pana,p a n a,,Ribeiro1998;Hanke1975,29_stick-A,
wari-29_stick-1,,wari,29_stick,pana,pana,p a n a,,EverettKern1997;Kern1996,29_stick-A,
cojubim-30_fruit-1,,cojubim,30_fruit,upeji pana,upeji pana,u p e j i + p a n a,,Duran2000,30_fruit-A,
jaru-30_fruit-1,,jaru,30_fruit,opiã pana,opiã pana,o p i ã + p a n a,,Rondon1948,30_fruit-A,
more-30_fruit-1,,more,30_fruit,upeje pana,upeje pana,u p e j e + p a n a,,Angenot2002;Leigue1957,30_fruit-A,
orowin-30_fruit-1,,orowin,30_fruit,ipijam,ipijam,i p i j a m,,Birchall2016;deFranca2002,30_fruit-A,
wanyam-30_fruit-1,,wanyam,30_fruit,ipijam,ipijam,i p i j a m,,Ribeiro1998;Hanke1975,30_fruit-A,
wari-30_fruit-1,,wari,30_fruit,memem,memem,m e m e m,,EverettKern1997;Kern1996,30_fruit-B,
tapakura-30_fruit-1,,tapakura,30_fruit,maritia,maritia,m a r i t i a,,CrequiMontfortRivet1913,30_fruit-C,
kitemoka-30_fruit-1,,kitemoka,30_fruit,pekoɲoɲi,pekoɲoɲi,p e k o ɲ o ɲ i,,CrequiMontfortRivet1913,30_fruit-D,
cojubim-31_leaf-1,,cojubim,31_leaf,tan,tan,t a n,,Duran2000,31_leaf-A,
more-31_leaf-1,,more,31_leaf,tan,tan,t a n,,Angenot2002;Leigue1957,31_leaf-A,
orowin-31_leaf-1,,orowin,31_leaf,tajinan,tajinan,t a j i n a n,,Birchall2016;deFranca2002,31_leaf-A,
wanyam-31_leaf-1,,wanyam,31_leaf,tain,tain,t a i n,,Ribeiro1998;Hanke1975,31_leaf-A,
wari-31_leaf-1,,wari,31_leaf,taji,taji,t a j i,,EverettKern1997;Kern1996,31_leaf-A,
tora-31_leaf-1,,tora,31_leaf,murami,murami,m u r a m i,,Nimuendaju1925;Nimuendaju1923,31_leaf-B,
kitemoka-31_leaf-1,,kitemoka,31_leaf,atia,atia,a t i a,,CrequiMontfortRivet1913,31_leaf-C,
tapakura-31_leaf-1,,tapakura,31_leaf,ʃuɲu,ʃuɲu,ʃ u ɲ u,,CrequiMontfortRivet1913,31_leaf-D,
orowin-32_root-1,,orowin,32_root,sikinan,sikinan,s i k i n a n,,Birchall2016;deFranca2002,32_root-A,
wari-32_root-1,,wari,32_root,katʃima,katʃima,k a tʃ i m a,,EverettKern1997;Kern1996,32_root-A,
cojubim-33_flower-1,,cojubim,33_flower,piwan,piwan,p i w a n,,Duran2000,33_flower-A,
jaru-33_flower-1,,jaru,33_flower,piwan,piwan,p i w a n,,Rondon1948,33_flower-A,
more-33_flower-1,,more,33_flower,piwan,piwan,p i w a n,,Angenot2002;Leigue1957,33_flower-A,
orowin-33_flower-1,,orowin,33_flower,piwan,piwan,p i w a n,,Birchall2016;deFranca2002,33_flower-A,
tora-33_flower-1,,tora,33_flower,piwaj,piwaj,p i w a j,,Nimuendaju1925;Nimuendaju1923,33_flower-A,
wari-33_flower-1,,wari,33_flower,piwaɲ,piwaɲ,p i w a ɲ,,EverettKern1997;Kern1996,33_flower-A,
kitemoka-33_flower-1,,kitemoka,33_flower,tohot ɲe,tohot ɲe,t o h o t + ɲ e,,CrequiMontfortRivet1913,33_flower-B,
tapakura-33_flower-1,,tapakura,33_flower,tahune,tahune,t a h u n e,,CrequiMontfortRivet1913,33_flower-B,
wari-34_grass-1,,wari,34_grass,tononoɲ,tononoɲ,t o n o n o ɲ,,EverettKern1997;Kern1996,34_grass-A,
jaru-34_grass-1,,jaru,34_grass,iwip,iwip,i w i p,,Rondon1948,34_grass-B,
wanyam-34_grass-1,,wanyam,34_grass,iwijip,iwijip,i w i j i p,,Ribeiro1998;Hanke1975,34_grass-B,
orowin-34_grass-1,,orowin,34_grass,kawawaʔ,kawawaʔ,k a w a w a ʔ,,Birchall2016;deFranca2002,34_grass-C,
kitemoka-34_grass-1,,kitemoka,34_grass,wiwiti,wiwiti,w i w i t i,,CrequiMontfortRivet1913,34_grass-D,
tapakura-34_grass-1,,tapakura,34_grass,wiʃiti morutam,wiʃiti morutam,w i ʃ i t i + m o r u t a m,,CrequiMontfortRivet1913,34_grass-D,
more-34_grass-1,,more,34_grass,towan,towan,t o w a n,,Angenot2002;Leigue1957,34_grass-E,
cojubim-35_rope-1,,cojubim,35_rope,mokon,mokon,m o k o n,,Duran2000,35_rope-A,
more-35_rope-1,,more,35_rope,mokon,mokon,m o k o n,,Angenot2002;Leigue1957,35_rope-A,
orowin-35_rope-1,,orowin,35_rope,mokorikon,mokorikon,m o k o r i k o n,,Birchall2016;deFranca2002,35_rope-A,
urupa-35_rope-1,,urupa,35_rope,mukon,mukon,m u k o n,,Nimuendaju1925,35_rope-A,
wanyam-35_rope-1,,wanyam,35_rope,mokon,mokon,m o k o n,,Ribeiro1998;Hanke1975,35_rope-A,
wari-35_rope-1,,wari,35_rope,makon,makon,m a k o n,,EverettKern1997;Kern1996,35_rope-A,
jaru-35_rope-1,,jaru,35_rope,kurupi,kurupi,k u r u p i,,Rondon1948,35_rope-B,
tora-35_rope-1,,tora,35_rope,tukuripa,tukuripa,t u k u r i p a,,Nimuendaju1925;Nimuendaju1923,35_rope-B,
jaru-36_skin-1,,jaru,36_skin,tuparesi,tuparesi,t u p a r e s i,,Rondon1948,36_skin-A,
kitemoka-36_skin-1,,kitemoka,36_skin,paritʃe,paritʃe,p a r i tʃ e,,CrequiMontfortRivet1913,36_skin-A,
more-36_skin-1,,more,36_skin,topan,topan,t o p a n,,Angenot2002;Leigue1957,36_skin-A,
orowin-36_skin-1,,orowin,36_skin,toporisi,toporisi,t o p o r i s i,,Birchall2016;deFranca2002,36_skin-A,
tapakura-36_skin-1,,tapakura,36_skin,tuparitʃi,tuparitʃi,t u p a r i tʃ i,,CrequiMontfortRivet1913,36_skin-A,
tora-36_skin-1,,tora,36_skin,tupara,tupara,t u p a r a,,Nimuendaju1925;Nimuendaju1923,36_skin-A,
urupa-36_skin-1,,urupa,36_skin,tuparisi,tuparisi,t u p a r i s i,,Nimuendaju1925,36_skin-A,
wanyam-36_skin-1,,wanyam,36_skin,tupariʃiʔ,tupariʃiʔ,t u p a r i ʃ i ʔ,,Ribeiro1998;Hanke1975,36_skin-A,
wari-36_skin-1,,wari,36_skin,taparitʃiʔ,taparitʃiʔ,t a p a r i tʃ i ʔ,,EverettKern1997;Kern1996,36_skin-A,
jaru-37_meat-1,,jaru,37_meat,ikekren,ikekren,i k e k r e n,,Rondon1948,37_meat-A,
more-37_meat-1,,more,37_meat,ukun,ukun,u k u n,,Angenot2002;Leigue1957,37_meat-A,
orowin-37_meat-1,,orowin,37_meat,ykeresi,ykeresi,y k e r e s i,,Birchall2016;deFranca2002,37_meat-A,
wanyam-37_meat-1,,wanyam,37_meat,ikerem,ikerem,i k e r e m,,Ribeiro1998;Hanke1975,37_meat-A,
wari-37_meat-1,,wari,37_meat,kweretʃiʔ,kweretʃiʔ,k w e r e tʃ i ʔ,,EverettKern1997;Kern1996,37_meat-A,
jaru-38_blood-1,,jaru,38_blood,wit,wit,w i t,,Rondon1948,38_blood-A,
kitemoka-38_blood-1,,kitemoka,38_blood,aweitʃe,aweitʃe,a w e i tʃ e,,CrequiMontfortRivet1913,38_blood-A,
more-38_blood-1,,more,38_blood,wyk,wyk,w y k,,Angenot2002;Leigue1957,38_blood-A,
orowin-38_blood-1,,orowin,38_blood,wikisi,wikisi,w i k i s i,,Birchall2016;deFranca2002,38_blood-A,
tapakura-38_blood-1,,tapakura,38_blood,awi,awi,a w i,,CrequiMontfortRivet1913,38_blood-A,
tora-38_blood-1,,tora,38_blood,wi,wi,w i,,Nimuendaju1925;Nimuendaju1923,38_blood-A,
urupa-38_blood-1,,urupa,38_blood,wikisi,wikisi,w i k i s i,,Nimuendaju1925,38_blood-A,
wanyam-38_blood-1,,wanyam,38_blood,wiki,wiki,w i k i,,Ribeiro1998;Hanke1975,38_blood-A,
wari-38_blood-1,,wari,38_blood,kitʃiʔ,kitʃiʔ,k i tʃ i ʔ,,EverettKern1997;Kern1996,38_blood-A,
cojubim-39_bone-1,,cojubim,39_bone,at,at,a t,,Duran2000,39_bone-A,
jaru-39_bone-1,,jaru,39_bone,rasi,rasi,r a s i,,Rondon1948,39_bone-A,
kitemoka-39_bone-1,,kitemoka,39_bone,taritʃe,taritʃe,t a r i tʃ e,,CrequiMontfortRivet1913,39_bone-A,
more-39_bone-1,,more,39_bone,at,at,a t,,Angenot2002;Leigue1957,39_bone-A,
orowin-39_bone-1,,orowin,39_bone,aran,aran,a r a n,,Birchall2016;deFranca2002,39_bone-A,
tapakura-39_bone-1,,tapakura,39_bone,atat,atat,a t a t,,CrequiMontfortRivet1913,39_bone-A,
tora-39_bone-1,,tora,39_bone,ataʃi,ataʃi,a t a ʃ i,,Nimuendaju1925;Nimuendaju1923,39_bone-A,
urupa-39_bone-1,,urupa,39_bone,arasi,arasi,a r a s i,,Nimuendaju1925,39_bone-A,
wanyam-39_bone-1,,wanyam,39_bone,araj,araj,a r a j,,Ribeiro1998;Hanke1975,39_bone-A,
wari-39_bone-1,,wari,39_bone,aratʃiʔ,aratʃiʔ,a r a tʃ i ʔ,,EverettKern1997;Kern1996,39_bone-A,
cojubim-40_fat-1,,cojubim,40_fat,mapum,mapum,m a p u m,,Duran2000,40_fat-A,
jaru-40_fat-1,,jaru,40_fat,ahomi,ahomi,a h o m i,,Rondon1948,40_fat-A,
more-40_fat-1,,more,40_fat,mapom,mapom,m a p o m,,Angenot2002;Leigue1957,40_fat-A,
orowin-40_fat-1,,orowin,40_fat,mafomasi,mafomasi,m a f o m a s i,,Birchall2016;deFranca2002,40_fat-A,
tapakura-40_fat-1,,tapakura,40_fat,momikum-kiru,momikum-kiru,m o m i k u m + k i r u,,CrequiMontfortRivet1913,40_fat-A,
tora-40_fat-1,,tora,40_fat,taahon,taahon,t aː h o n,,Nimuendaju1925;Nimuendaju1923,40_fat-A,
wanyam-40_fat-1,,wanyam,40_fat,wahumajn,wahumajn,w a h u m a j n,,Ribeiro1998;Hanke1975,40_fat-A,
wari-40_fat-1,,wari,40_fat,homaɲ,homaɲ,h o m a ɲ,,EverettKern1997;Kern1996,40_fat-A,
kitemoka-40_fat-1,,kitemoka,40_fat,mitaikongo,mitaikongo,m i t a i k o n g o,,CrequiMontfortRivet1913,40_fat-B,
cojubim-41_egg-1,,cojubim,41_egg,ari jaɲ,ari jaɲ,a r i + j a ɲ,,Duran2000,41_egg-A,
jaru-41_egg-1,,jaru,41_egg,rejen,rejen,r e j e n,,Rondon1948,41_egg-A,
kitemoka-41_egg-1,,kitemoka,41_egg,tirantia,tirantia,t i r a n t i a,,CrequiMontfortRivet1913,41_egg-A,
more-41_egg-1,,more,41_egg,ariʒ̟a,ariʒ̟a,a r i ʒ̟ a,,Angenot2002;Leigue1957,41_egg-A,
orowin-41_egg-1,,orowin,41_egg,arikon,arikon,a r i k o n,,Birchall2016;deFranca2002,41_egg-A,
tapakura-41_egg-1,,tapakura,41_egg,ateranta,ateranta,a t e r a n t a,,CrequiMontfortRivet1913,41_egg-A,
tora-41_egg-1,,tora,41_egg,azeron,azeron,a z e r o n,,Nimuendaju1925;Nimuendaju1923,41_egg-A,
urupa-41_egg-1,,urupa,41_egg,erejen,erejen,e r e j e n,,Nimuendaju1925,41_egg-A,
wanyam-41_egg-1,,wanyam,41_egg,arikon,arikon,a r i k o n,,Ribeiro1998;Hanke1975,41_egg-A,
wari-41_egg-1,,wari,41_egg,arajeɲ,arajeɲ,a r a j e ɲ,,EverettKern1997;Kern1996,41_egg-A,
kitemoka-42_horn-1,,kitemoka,42_horn,pitʃi,pitʃi,p i tʃ i,,CrequiMontfortRivet1913,42_horn-A,
orowin-42_horn-1,,orowin,42_horn,pitikon,pitikon,p i t i k o n,,Birchall2016;deFranca2002,42_horn-A,
wari-42_horn-1,,wari,42_horn,pitʃinaɲ,pitʃinaɲ,p i tʃ i n a ɲ,,EverettKern1997;Kern1996,42_horn-A,
cojubim-42_horn-1,,cojubim,42_horn,tataw,tataw,t a t a w,,Duran2000,42_horn-B,
more-42_horn-1,,more,42_horn,tataw,tataw,t a t a w,,Angenot2002;Leigue1957,42_horn-B,
wanyam-42_horn-1,,wanyam,42_horn,tatawi,tatawi,t a t a w i,,Ribeiro1998;Hanke1975,42_horn-B,
jaru-42_horn-1,,jaru,42_horn,ileken,ileken,i l e k e n,,Rondon1948,42_horn-C,
tapakura-42_horn-1,,tapakura,42_horn,injawan,injawan,i n j a w a n,,CrequiMontfortRivet1913,42_horn-D,
cojubim-43_tail-1,,cojubim,43_tail,kipun,kipun,k i p u n,,Duran2000,43_tail-A,
more-43_tail-1,,more,43_tail,kipun,kipun,k i p u n,,Angenot2002;Leigue1957,43_tail-A,
orowin-43_tail-1,,orowin,43_tail,keferesi,keferesi,k e f e r e s i,,Birchall2016;deFranca2002,43_tail-A,
wanyam-43_tail-1,,wanyam,43_tail,kahire,kahire,k a h i r e,,Ribeiro1998;Hanke1975,43_tail-A,
wari-43_tail-1,,wari,43_tail,kahwereɲ,kahwereɲ,k a h w e r e ɲ,,EverettKern1997;Kern1996,43_tail-A,
kitemoka-43_tail-1,,kitemoka,43_tail,sokotʃetitʃe,sokotʃetitʃe,s o k o tʃ e t i tʃ e,,CrequiMontfortRivet1913,43_tail-B,
tapakura-43_tail-1,,tapakura,43_tail,tʃipitʃi,tʃipitʃi,tʃ i p i tʃ i,,CrequiMontfortRivet1913,43_tail-B,
cojubim-44_hair-1,,cojubim,44_hair,tuna,tuna,t u n a,,Duran2000,44_hair-A,
jaru-44_hair-1,,jaru,44_hair,tinji,tinji,t i n j i,,Rondon1948,44_hair-A,
kitemoka-44_hair-1,,kitemoka,44_hair,tʃumitʃe,tʃumitʃe,tʃ u m i tʃ e,,CrequiMontfortRivet1913,44_hair-A,
more-44_hair-1,,more,44_hair,tuneɲ,tuneɲ,t u n e ɲ,,Angenot2002;Leigue1957,44_hair-A,
orowin-44_hair-1,,orowin,44_hair,tynesi,tynesi,t y n e s i,,Birchall2016;deFranca2002,44_hair-A,
tapakura-44_hair-1,,tapakura,44_hair,tʃumitʃi,tʃumitʃi,tʃ u m i tʃ i,,CrequiMontfortRivet1913,44_hair-A,
tora-44_hair-1,,tora,44_hair,tuni,tuni,t u n i,,Nimuendaju1925;Nimuendaju1923,44_hair-A,
wanyam-44_hair-1,,wanyam,44_hair,tiniʃiʔ,tiniʃiʔ,t i n i ʃ i ʔ,,Ribeiro1998;Hanke1975,44_hair-A,
wari-44_hair-1,,wari,44_hair,tenenetʃiʔ,tenenetʃiʔ,t e n e n e tʃ i ʔ,,EverettKern1997;Kern1996,44_hair-A,
jaru-44_hair-2,,jaru,44_hair,juhenesi,juhenesi,j u h e n e s i,,Rondon1948,44_hair-B,
urupa-44_hair-1,,urupa,44_hair,yvenesi,yvenesi,y v e n e s i,,Nimuendaju1925,44_hair-B,
jaru-44_hair-3,,jaru,44_hair,jupisi,jupisi,j u p i s i,,Rondon1948,44_hair-C,
cojubim-45_head-1,,cojubim,45_head,upek,upek,u p e k,,Duran2000,45_head-A,
kitemoka-45_head-1,,kitemoka,45_head,paitʃe,paitʃe,p a i tʃ e,,CrequiMontfortRivet1913,45_head-A,
more-45_head-1,,more,45_head,upwik,upwik,u p w i k,,Angenot2002;Leigue1957,45_head-A,
orowin-45_head-1,,orowin,45_head,ipijisi,ipijisi,i p i j i s i,,Birchall2016;deFranca2002,45_head-A,
tapakura-45_head-1,,tapakura,45_head,upatʃi,upatʃi,u p a tʃ i,,CrequiMontfortRivet1913,45_head-A,
tora-45_head-1,,tora,45_head,upujeʃi,upujeʃi,u p u j e ʃ i,,Nimuendaju1925;Nimuendaju1923,45_head-A,
urupa-45_head-1,,urupa,45_head,ypirisi,ypirisi,y p i r i s i,,Nimuendaju1925,45_head-A,
wanyam-45_head-1,,wanyam,45_head,ipijiʃiʔ,ipijiʃiʔ,i p i j i ʃ i ʔ,,Ribeiro1998;Hanke1975,45_head-A,
wari-45_head-1,,wari,45_head,winatʃiʔ,winatʃiʔ,w i n a tʃ i ʔ,,EverettKern1997;Kern1996,45_head-B,
jaru-45_head-1,,jaru,45_head,totepisi,totepisi,t o t e p i s i,,Rondon1948,45_head-C,
jaru-46_ear-1,,jaru,46_ear,traisi,traisi,t r a i s i,,Rondon1948,46_ear-A,
kitemoka-46_ear-1,,kitemoka,46_ear,tatiatatʃe,tatiatatʃe,t a t i a t a tʃ e,,CrequiMontfortRivet1913,46_ear-A,
orowin-46_ear-1,,orowin,46_ear,trajisi,trajisi,t r a j i s i,,Birchall2016;deFranca2002,46_ear-A,
tapakura-46_ear-1,,tapakura,46_ear,taitatatʃi,taitatatʃi,t a i t a t a tʃ i,,CrequiMontfortRivet1913,46_ear-A,
urupa-46_ear-1,,urupa,46_ear,traisi,traisi,t r a i s i,,Nimuendaju1925,46_ear-A,
wanyam-46_ear-1,,wanyam,46_ear,tarajiʃiʔ,tarajiʃiʔ,t a r a j i ʃ i ʔ,,Ribeiro1998;Hanke1975,46_ear-A,
wari-46_ear-1,,wari,46_ear,tarajitʃiʔ,tarajitʃiʔ,t a r a j i tʃ i ʔ,,EverettKern1997;Kern1996,46_ear-A,
cojubim-46_ear-1,,cojubim,46_ear,tenetet,tenetet,t e n e t e t,,Duran2000,46_ear-B,
more-46_ear-1,,more,46_ear,tenetet,tenetet,t e n e t e t,,Angenot2002;Leigue1957,46_ear-B,
tora-46_ear-1,,tora,46_ear,tetete,tetete,t e t e t e,,Nimuendaju1925;Nimuendaju1923,46_ear-B,
cojubim-47_eye-1,,cojubim,47_eye,tok,tok,t o k,,Duran2000,47_eye-A,
jaru-47_eye-1,,jaru,47_eye,tekisi,tekisi,t e k i s i,,Rondon1948,47_eye-A,
kitemoka-47_eye-1,,kitemoka,47_eye,kutʃi,kutʃi,k u tʃ i,,CrequiMontfortRivet1913,47_eye-A,
more-47_eye-1,,more,47_eye,tok,tok,t o k,,Angenot2002;Leigue1957,47_eye-A,
orowin-47_eye-1,,orowin,47_eye,tokisi,tokisi,t o k i s i,,Birchall2016;deFranca2002,47_eye-A,
tapakura-47_eye-1,,tapakura,47_eye,tukutʃi,tukutʃi,t u k u tʃ i,,CrequiMontfortRivet1913,47_eye-A,
tora-47_eye-1,,tora,47_eye,tok,tok,t o k,,Nimuendaju1925;Nimuendaju1923,47_eye-A,
urupa-47_eye-1,,urupa,47_eye,tukesi,tukesi,t u k e s i,,Nimuendaju1925,47_eye-A,
wanyam-47_eye-1,,wanyam,47_eye,tokiʃiʔ,tokiʃiʔ,t o k i ʃ i ʔ,,Ribeiro1998;Hanke1975,47_eye-A,
wari-47_eye-1,,wari,47_eye,tokotʃiʔ,tokotʃiʔ,t o k o tʃ i ʔ,,EverettKern1997;Kern1996,47_eye-A,
cojubim-48_nose-1,,cojubim,48_nose,ur,ur,u r,,Duran2000,48_nose-A,
jaru-48_nose-1,,jaru,48_nose,jolisi,jolisi,j o l i s i,,Rondon1948,48_nose-A,
kitemoka-48_nose-1,,kitemoka,48_nose,turutʃe,turutʃe,t u r u tʃ e,,CrequiMontfortRivet1913,48_nose-A,
more-48_nose-1,,more,48_nose,uʒ̟,uʒ̟,u ʒ̟,,Angenot2002;Leigue1957,48_nose-A,
orowin-48_nose-1,,orowin,48_nose,yrysi,yrysi,y r y s i,,Birchall2016;deFranca2002,48_nose-A,
tapakura-48_nose-1,,tapakura,48_nose,uturutʃi,uturutʃi,u t u r u tʃ i,,CrequiMontfortRivet1913,48_nose-A,
tora-48_nose-1,,tora,48_nose,uj,uj,u j,,Nimuendaju1925;Nimuendaju1923,48_nose-A,
urupa-48_nose-1,,urupa,48_nose,juresi,juresi,j u r e s i,,Nimuendaju1925,48_nose-A,
wanyam-48_nose-1,,wanyam,48_nose,iriʃiʔ,iriʃiʔ,i r i ʃ i ʔ,,Ribeiro1998;Hanke1975,48_nose-A,
wari-48_nose-1,,wari,48_nose,weretʃiʔ,weretʃiʔ,w e r e tʃ i ʔ,,EverettKern1997;Kern1996,48_nose-A,
jaru-49_mouth-1,,jaru,49_mouth,tupakasi,tupakasi,t u p a k a s i,,Rondon1948,49_mouth-A,
more-49_mouth-1,,more,49_mouth,topak,topak,t o p a k,,Angenot2002;Leigue1957,49_mouth-A,
orowin-49_mouth-1,,orowin,49_mouth,topakasi,topakasi,t o p a k a s i,,Birchall2016;deFranca2002,49_mouth-A,
tapakura-49_mouth-1,,tapakura,49_mouth,tupakatʃi,tupakatʃi,t u p a k a tʃ i,,CrequiMontfortRivet1913,49_mouth-A,
urupa-49_mouth-1,,urupa,49_mouth,tupakasi,tupakasi,t u p a k a s i,,Nimuendaju1925,49_mouth-A,
wanyam-49_mouth-1,,wanyam,49_mouth,topakaʃiʔ,topakaʃiʔ,t o p a k a ʃ i ʔ,,Ribeiro1998;Hanke1975,49_mouth-A,
wari-49_mouth-1,,wari,49_mouth,topak,topak,t o p a k,,EverettKern1997;Kern1996,49_mouth-A,
kitemoka-49_mouth-1,,kitemoka,49_mouth,rikajatʃi,rikajatʃi,r i k a j a tʃ i,,CrequiMontfortRivet1913,49_mouth-B,
tora-49_mouth-1,,tora,49_mouth,tuaraw,tuaraw,t u a r a w,,Nimuendaju1925;Nimuendaju1923,49_mouth-C,
jaru-50_tooth-1,,jaru,50_tooth,itisi,itisi,i t i s i,,Rondon1948,50_tooth-A,
kitemoka-50_tooth-1,,kitemoka,50_tooth,ijaditʃe,ijaditʃe,i j a d i tʃ e,,CrequiMontfortRivet1913,50_tooth-A,
more-50_tooth-1,,more,50_tooth,jat,jat,j a t,,Angenot2002;Leigue1957,50_tooth-A,
orowin-50_tooth-1,,orowin,50_tooth,ijitisi,ijitisi,i j i t i s i,,Birchall2016;deFranca2002,50_tooth-A,
tapakura-50_tooth-1,,tapakura,50_tooth,jatitʃi,jatitʃi,j a t i tʃ i,,CrequiMontfortRivet1913,50_tooth-A,
tora-50_tooth-1,,tora,50_tooth,jatiʃi,jatiʃi,j a t i ʃ i,,Nimuendaju1925;Nimuendaju1923,50_tooth-A,
urupa-50_tooth-1,,urupa,50_tooth,jetisi,jetisi,j e t i s i,,Nimuendaju1925,50_tooth-A,
wanyam-50_tooth-1,,wanyam,50_tooth,ijitiʃiʔ,ijitiʃiʔ,i j i t i ʃ i ʔ,,Ribeiro1998;Hanke1975,50_tooth-A,
wari-50_tooth-1,,wari,50_tooth,tʃitʃiʔ,tʃitʃiʔ,tʃ i tʃ i ʔ,,EverettKern1997;Kern1996,50_tooth-A,
orowin-51_tongue-1,,orowin,51_tongue,tepekejesi,tepekejesi,t e p e k e j e s i,,Birchall2016;deFranca2002,51_tongue-A,
tapakura-51_tongue-1,,tapakura,51_tongue,tapuitakatʃi,tapuitakatʃi,t a p u i t a k a tʃ i,,CrequiMontfortRivet1913,51_tongue-A,
wari-51_tongue-1,,wari,51_tongue,petehwet,petehwet,p e t e h w e t,,EverettKern1997;Kern1996,51_tongue-A,
cojubim-51_tongue-1,,cojubim,51_tongue,kapajak,kapajak,k a p a j a k,,Duran2000,51_tongue-B,
jaru-51_tongue-1,,jaru,51_tongue,kapiakasi,kapiakasi,k a p i a k a s i,,Rondon1948,51_tongue-B,
kitemoka-51_tongue-1,,kitemoka,51_tongue,kapikakatʃe,kapikakatʃe,k a p i k a k a tʃ e,,CrequiMontfortRivet1913,51_tongue-B,
more-51_tongue-1,,more,51_tongue,kapajak,kapajak,k a p a j a k,,Angenot2002;Leigue1957,51_tongue-B,
tora-51_tongue-1,,tora,51_tongue,kapiakiʃiʔ,kapiakiʃiʔ,k a p i a k i ʃ i ʔ,,Nimuendaju1925;Nimuendaju1923,51_tongue-B,
urupa-51_tongue-1,,urupa,51_tongue,kapiakasi,kapiakasi,k a p i a k a s i,,Nimuendaju1925,51_tongue-B,
wanyam-51_tongue-1,,wanyam,51_tongue,kapijakaʃiʔ,kapijakaʃiʔ,k a p i j a k a ʃ i ʔ,,Ribeiro1998;Hanke1975,51_tongue-B,
wari-51_tongue-2,,wari,51_tongue,kapijatʃiʔ,kapijatʃiʔ,k a p i j a tʃ i ʔ,,EverettKern1997;Kern1996,51_tongue-B,
jaru-52_fingernail-1,,jaru,52_fingernail,pisikinisi,pisikinisi,p i s i k i n i s i,,Rondon1948,52_fingernail-A,
orowin-52_fingernail-1,,orowin,52_fingernail,sykynesi,sykynesi,s y k y n e s i,,Birchall2016;deFranca2002,52_fingernail-A,
tora-52_fingernail-1,,tora,52_fingernail,pesoro,pesoro,p e s o r o,,Nimuendaju1925;Nimuendaju1923,52_fingernail-A,
wanyam-52_fingernail-1,,wanyam,52_fingernail,pikinaʃiʔ,pikinaʃiʔ,p i k i n a ʃ i ʔ,,Ribeiro1998;Hanke1975,52_fingernail-A,
wari-52_fingernail-1,,wari,52_fingernail,tʃikinatʃiʔ,tʃikinatʃiʔ,tʃ i k i n a tʃ i ʔ,,EverettKern1997;Kern1996,52_fingernail-A,
cojubim-52_fingernail-1,,cojubim,52_fingernail,tupi,tupi,t u p i,,Duran2000,52_fingernail-B,
more-52_fingernail-1,,more,52_fingernail,tupi,tupi,t u p i,,Angenot2002;Leigue1957,52_fingernail-B,
tapakura-52_fingernail-1,,tapakura,52_fingernail,naimitʃi,naimitʃi,n a i m i tʃ i,,CrequiMontfortRivet1913,52_fingernail-C,
jaru-53_foot-1,,jaru,53_foot,katimasi,katimasi,k a t i m a s i,,Rondon1948,53_foot-A,
kitemoka-53_foot-1,,kitemoka,53_foot,kaimatʃe,kaimatʃe,k a i m a tʃ e,,CrequiMontfortRivet1913,53_foot-A,
tapakura-53_foot-1,,tapakura,53_foot,kaimatʃi,kaimatʃi,k a i m a tʃ i,,CrequiMontfortRivet1913,53_foot-A,
tora-53_foot-1,,tora,53_foot,kazima,kazima,k a z i m a,,Nimuendaju1925;Nimuendaju1923,53_foot-A,
urupa-53_foot-1,,urupa,53_foot,katimasi,katimasi,k a t i m a s i,,Nimuendaju1925,53_foot-A,
wanyam-53_foot-1,,wanyam,53_foot,katimaʃiʔ,katimaʃiʔ,k a t i m a ʃ i ʔ,,Ribeiro1998;Hanke1975,53_foot-A,
wari-53_foot-1,,wari,53_foot,katʃimatʃiʔ,katʃimatʃiʔ,k a tʃ i m a tʃ i ʔ,,EverettKern1997;Kern1996,53_foot-A,
orowin-53_foot-1,,orowin,53_foot,pasomasi,pasomasi,p a s o m a s i,,Birchall2016;deFranca2002,53_foot-B,
wari-53_foot-2,,wari,53_foot,pitʃijatʃiʔ,pitʃijatʃiʔ,p i tʃ i j a tʃ i ʔ,,EverettKern1997;Kern1996,53_foot-B,
cojubim-53_foot-1,,cojubim,53_foot,tʃinak,tʃinak,tʃ i n a k,,Duran2000,53_foot-C,
more-53_foot-1,,more,53_foot,tʃinak,tʃinak,tʃ i n a k,,Angenot2002;Leigue1957,53_foot-C,
tapakura-53_foot-2,,tapakura,53_foot,tʃikitʃi,tʃikitʃi,tʃ i k i tʃ i,,CrequiMontfortRivet1913,53_foot-C,
tora-53_foot-2,,tora,53_foot,ʃikiniʃi,ʃikiniʃi,ʃ i k i n i ʃ i,,Nimuendaju1925;Nimuendaju1923,53_foot-C,
cojubim-54_leg-1,,cojubim,54_leg,pok,pok,p o k,,Duran2000,54_leg-A,
jaru-54_leg-1,,jaru,54_leg,ekisi,ekisi,e k i s i,,Rondon1948,54_leg-A,
kitemoka-54_leg-1,,kitemoka,54_leg,kohotʃi,kohotʃi,k o h o tʃ i,,CrequiMontfortRivet1913,54_leg-A,
more-54_leg-1,,more,54_leg,pok,pok,p o k,,Angenot2002;Leigue1957,54_leg-A,
orowin-54_leg-1,,orowin,54_leg,fokisi,fokisi,f o k i s i,,Birchall2016;deFranca2002,54_leg-A,
tapakura-54_leg-1,,tapakura,54_leg,ukutʃi,ukutʃi,u k u tʃ i,,CrequiMontfortRivet1913,54_leg-A,
tora-54_leg-1,,tora,54_leg,hok,hok,h o k,,Nimuendaju1925;Nimuendaju1923,54_leg-A,
wanyam-54_leg-1,,wanyam,54_leg,hokiʃiʔ,hokiʃiʔ,h o k i ʃ i ʔ,,Ribeiro1998;Hanke1975,54_leg-A,
wari-54_leg-1,,wari,54_leg,kokotʃiʔ,kokotʃiʔ,k o k o tʃ i ʔ,,EverettKern1997;Kern1996,54_leg-A,
orowin-55_knee-1,,orowin,55_knee,makaramasi,makaramasi,m a k a r a m a s i,,Birchall2016;deFranca2002,55_knee-A,
wanyam-55_knee-1,,wanyam,55_knee,warakaramaʃiʔ,warakaramaʃiʔ,w a r a k a r a m a ʃ i ʔ,,Ribeiro1998;Hanke1975,55_knee-A,
wari-55_knee-1,,wari,55_knee,karamatʃiʔ,karamatʃiʔ,k a r a m a tʃ i ʔ,,EverettKern1997;Kern1996,55_knee-A,
orowin-55_knee-2,,orowin,55_knee,mafonasi,mafonasi,m a f o n a s i,,Birchall2016;deFranca2002,55_knee-B,
cojubim-55_knee-1,,cojubim,55_knee,tokozim,tokozim,t o k o z i m,,Duran2000,55_knee-C,
jaru-55_knee-1,,jaru,55_knee,toketekilipasi,toketekilipasi,t o k e t e k i l i p a s i,,Rondon1948,55_knee-C,
kitemoka-55_knee-1,,kitemoka,55_knee,tukaivatʃe,tukaivatʃe,t u k a i v a tʃ e,,CrequiMontfortRivet1913,55_knee-C,
more-55_knee-1,,more,55_knee,tukuʒ̟im,tukuʒ̟im,t u k u ʒ̟ i m,,Angenot2002;Leigue1957,55_knee-C,
tapakura-55_knee-1,,tapakura,55_knee,tukaimatʃi,tukaimatʃi,t u k a i m a tʃ i,,CrequiMontfortRivet1913,55_knee-C,
tora-55_knee-1,,tora,55_knee,tukazim,tukazim,t u k a z i m,,Nimuendaju1925;Nimuendaju1923,55_knee-C,
kitemoka-56_hand-1,,kitemoka,56_hand,umajo,umajo,u m a j o,,CrequiMontfortRivet1913,56_hand-A,
more-56_hand-1,,more,56_hand,um,um,u m,,Angenot2002;Leigue1957,56_hand-A,
tapakura-56_hand-1,,tapakura,56_hand,umitʃi,umitʃi,u m i tʃ i,,CrequiMontfortRivet1913,56_hand-A,
tora-56_hand-1,,tora,56_hand,umu,umu,u m u,,Nimuendaju1925;Nimuendaju1923,56_hand-A,
wari-56_hand-1,,wari,56_hand,mitʃiʔ,mitʃiʔ,m i tʃ i ʔ,,EverettKern1997;Kern1996,56_hand-A,
cojubim-56_hand-1,,cojubim,56_hand,tipan,tipan,t i p a n,,Duran2000,56_hand-B,
jaru-56_hand-1,,jaru,56_hand,tiprasi,tiprasi,t i p r a s i,,Rondon1948,56_hand-B,
kitemoka-56_hand-2,,kitemoka,56_hand,tʃeparaju,tʃeparaju,tʃ e p a r a j u,,CrequiMontfortRivet1913,56_hand-B,
more-56_hand-2,,more,56_hand,tipan,tipan,t i p a n,,Angenot2002;Leigue1957,56_hand-B,
orowin-56_hand-1,,orowin,56_hand,tiprasi,tiprasi,t i p r a s i,,Birchall2016;deFranca2002,56_hand-B,
tapakura-56_hand-2,,tapakura,56_hand,itʃoparatʃi,itʃoparatʃi,i tʃ o p a r a tʃ i,,CrequiMontfortRivet1913,56_hand-B,
tora-56_hand-2,,tora,56_hand,tipara,tipara,t i p a r a,,Nimuendaju1925;Nimuendaju1923,56_hand-B,
urupa-56_hand-1,,urupa,56_hand,tiprasi,tiprasi,t i p r a s i,,Nimuendaju1925,56_hand-B,
wanyam-56_hand-1,,wanyam,56_hand,tiparaʃiʔ,tiparaʃiʔ,t i p a r a ʃ i ʔ,,Ribeiro1998;Hanke1975,56_hand-B,
wari-56_hand-2,,wari,56_hand,taparatʃiʔ,taparatʃiʔ,t a p a r a tʃ i ʔ,,EverettKern1997;Kern1996,56_hand-B,
cojubim-57_wing-1,,cojubim,57_wing,nipat,nipat,n i p a t,,Duran2000,57_wing-A,
kitemoka-57_wing-1,,kitemoka,57_wing,ipati-ko,ipati-ko,i p a t i + k o,,CrequiMontfortRivet1913,57_wing-A,
more-57_wing-1,,more,57_wing,nipat,nipat,n i p a t,,Angenot2002;Leigue1957,57_wing-A,
orowin-57_wing-1,,orowin,57_wing,napatinan,napatinan,n a p a t i n a n,,Birchall2016;deFranca2002,57_wing-A,
tapakura-57_wing-1,,tapakura,57_wing,hipatʃi,hipatʃi,h i p a tʃ i,,CrequiMontfortRivet1913,57_wing-A,
wanyam-57_wing-1,,wanyam,57_wing,nipat,nipat,n i p a t,,Ribeiro1998;Hanke1975,57_wing-A,
wari-57_wing-1,,wari,57_wing,tapatʃi,tapatʃi,t a p a tʃ i,,EverettKern1997;Kern1996,57_wing-A,
jaru-58_belly-1,,jaru,58_belly,tokotepasi,tokotepasi,t o k o t e p a s i,,Rondon1948,58_belly-A,
kitemoka-58_belly-1,,kitemoka,58_belly,kimotʃe,kimotʃe,k i m o tʃ e,,CrequiMontfortRivet1913,58_belly-A,
more-58_belly-1,,more,58_belly,tim,tim,t i m,,Angenot2002;Leigue1957,58_belly-A,
orowin-58_belly-1,,orowin,58_belly,kimi,kimi,k i m i,,Birchall2016;deFranca2002,58_belly-A,
tapakura-58_belly-1,,tapakura,58_belly,tekematʃe,tekematʃe,t e k e m a tʃ e,,CrequiMontfortRivet1913,58_belly-A,
tora-58_belly-1,,tora,58_belly,tosipa,tosipa,t o s i p a,,Nimuendaju1925;Nimuendaju1923,58_belly-A,
wanyam-58_belly-1,,wanyam,58_belly,kimijekin,kimijekin,k i m i j e k i n,,Ribeiro1998;Hanke1975,58_belly-A,
orowin-58_belly-2,,orowin,58_belly,tapawakon,tapawakon,t a p a w a k o n,,Birchall2016;deFranca2002,58_belly-B,
cojubim-58_belly-1,,cojubim,58_belly,tʃakaw ta,tʃakaw ta,tʃ a k a w + t a,,Duran2000,58_belly-C,
more-58_belly-2,,more,58_belly,tʃakaw,tʃakaw,tʃ a k a w,,Angenot2002;Leigue1957,58_belly-C,
wari-58_belly-1,,wari,58_belly,pemenetʃiʔ,pemenetʃiʔ,p e m e n e tʃ i ʔ,,EverettKern1997;Kern1996,58_belly-D,
cojubim-59_guts-1,,cojubim,59_guts,kirimonʔ,kirimonʔ,k i r i m o n ʔ,,Duran2000,59_guts-A,
jaru-59_guts-1,,jaru,59_guts,menesi,menesi,m e n e s i,,Rondon1948,59_guts-A,
kitemoka-59_guts-1,,kitemoka,59_guts,waememitʃe,waememitʃe,w a e m e m i tʃ e,,CrequiMontfortRivet1913,59_guts-A,
more-59_guts-1,,more,59_guts,mukuri mon,mukuri mon,m u k u r i + m o n,,Angenot2002;Leigue1957,59_guts-A,
orowin-59_guts-1,,orowin,59_guts,monosi,monosi,m o n o s i,,Birchall2016;deFranca2002,59_guts-A,
tapakura-59_guts-1,,tapakura,59_guts,amunitʃi,amunitʃi,a m u n i tʃ i,,CrequiMontfortRivet1913,59_guts-A,
wari-59_guts-1,,wari,59_guts,monotʃiʔ,monotʃiʔ,m o n o tʃ i ʔ,,EverettKern1997;Kern1996,59_guts-A,
wanyam-59_guts-1,,wanyam,59_guts,karapap wajiʃiʔ,karapap wajiʃiʔ,k a r a p a p + w a j i ʃ i ʔ,,Ribeiro1998;Hanke1975,59_guts-B,
kitemoka-59_guts-2,,kitemoka,59_guts,anteretʃe,anteretʃe,a n t e r e tʃ e,,CrequiMontfortRivet1913,59_guts-C,
cojubim-60_neck-1,,cojubim,60_neck,patam,patam,p a t a m,,Duran2000,60_neck-A,
jaru-60_neck-1,,jaru,60_neck,upramasi,upramasi,u p r a m a s i,,Rondon1948,60_neck-A,
more-60_neck-1,,more,60_neck,patam,patam,p a t a m,,Angenot2002;Leigue1957,60_neck-A,
orowin-60_neck-1,,orowin,60_neck,oparamasi,oparamasi,o p a r a m a s i,,Birchall2016;deFranca2002,60_neck-A,
tora-60_neck-1,,tora,60_neck,patama,patama,p a t a m a,,Nimuendaju1925;Nimuendaju1923,60_neck-A,
wanyam-60_neck-1,,wanyam,60_neck,uparamaʃiʔ,uparamaʃiʔ,u p a r a m a ʃ i ʔ,,Ribeiro1998;Hanke1975,60_neck-A,
wari-60_neck-1,,wari,60_neck,paramatʃiʔ,paramatʃiʔ,p a r a m a tʃ i ʔ,,EverettKern1997;Kern1996,60_neck-A,
kitemoka-60_neck-1,,kitemoka,60_neck,aikeɲemitʃe,aikeɲemitʃe,a i k e ɲ e m i tʃ e,,CrequiMontfortRivet1913,60_neck-B,
tapakura-60_neck-1,,tapakura,60_neck,hukiminitʃi,hukiminitʃi,h u k i m i n i tʃ i,,CrequiMontfortRivet1913,60_neck-B,
wari-60_neck-2,,wari,60_neck,kanemitʃiʔ,kanemitʃiʔ,k a n e m i tʃ i ʔ,,EverettKern1997;Kern1996,60_neck-B,
cojubim-61_back-1,,cojubim,61_back,ataw,ataw,a t a w,,Duran2000,61_back-A,
jaru-61_back-1,,jaru,61_back,arawasi,arawasi,a r a w a s i,,Rondon1948,61_back-A,
kitemoka-61_back-1,,kitemoka,61_back,totojatʃe,totojatʃe,t o t o j a tʃ e,,CrequiMontfortRivet1913,61_back-A,
more-61_back-1,,more,61_back,ataw,ataw,a t a w,,Angenot2002;Leigue1957,61_back-A,
orowin-61_back-1,,orowin,61_back,arawasi,arawasi,a r a w a s i,,Birchall2016;deFranca2002,61_back-A,
tapakura-61_back-1,,tapakura,61_back,otowatʃi,otowatʃi,o t o w a tʃ i,,CrequiMontfortRivet1913,61_back-A,
tora-61_back-1,,tora,61_back,wuritim,wuritim,w u r i t i m,,Nimuendaju1925;Nimuendaju1923,61_back-A,
urupa-61_back-1,,urupa,61_back,erawasi,erawasi,e r a w a s i,,Nimuendaju1925,61_back-A,
wanyam-61_back-1,,wanyam,61_back,awaraʃiʔ,awaraʃiʔ,a w a r a ʃ i ʔ,,Ribeiro1998;Hanke1975,61_back-A,
wari-61_back-1,,wari,61_back,waratʃiʔ,waratʃiʔ,w a r a tʃ i ʔ,,EverettKern1997;Kern1996,61_back-A,
cojubim-62_breast-1,,cojubim,62_breast,katat,katat,k a t a t,,Duran2000,62_breast-A,
more-62_breast-1,,more,62_breast,katat,katat,k a t a t,,Angenot2002;Leigue1957,62_breast-A,
orowin-62_breast-1,,orowin,62_breast,karatisi,karatisi,k a r a t i s i,,Birchall2016;deFranca2002,62_breast-A,
tora-62_breast-1,,tora,62_breast,katasan,katasan,k a t a s a n,,Nimuendaju1925;Nimuendaju1923,62_breast-A,
urupa-62_breast-1,,urupa,62_breast,karatisi,karatisi,k a r a t i s i,,Nimuendaju1925,62_breast-A,
wanyam-62_breast-1,,wanyam,62_breast,karatiʃiʔ,karatiʃiʔ,k a r a t i ʃ i ʔ,,Ribeiro1998;Hanke1975,62_breast-A,
wari-62_breast-1,,wari,62_breast,karatʃitʃiʔ,karatʃitʃiʔ,k a r a tʃ i tʃ i ʔ,,EverettKern1997;Kern1996,62_breast-A,
jaru-62_breast-1,,jaru,62_breast,ikimasi,ikimasi,i k i m a s i,,Rondon1948,62_breast-B,
kitemoka-62_breast-1,,kitemoka,62_breast,kematakama,kematakama,k e m a t a k a m a,,CrequiMontfortRivet1913,62_breast-B,
more-62_breast-2,,more,62_breast,kima,kima,k i m a,,Angenot2002;Leigue1957,62_breast-B,
orowin-62_breast-2,,orowin,62_breast,ikimasi,ikimasi,i k i m a s i,,Birchall2016;deFranca2002,62_breast-B,
tora-62_breast-2,,tora,62_breast,ikima,ikima,i k i m a,,Nimuendaju1925;Nimuendaju1923,62_breast-B,
wari-62_breast-2,,wari,62_breast,kimatʃiʔ,kimatʃiʔ,k i m a tʃ i ʔ,,EverettKern1997;Kern1996,62_breast-B,
cojubim-63_heart-1,,cojubim,63_heart,toku ru tim,toku ru tim,t o k u + r u + t i m,,Duran2000,63_heart-A,
jaru-63_heart-1,,jaru,63_heart,temisi,temisi,t e m i s i,,Rondon1948,63_heart-A,
kitemoka-63_heart-1,,kitemoka,63_heart,simitʃe,simitʃe,s i m i tʃ e,,CrequiMontfortRivet1913,63_heart-A,
more-63_heart-1,,more,63_heart,tuku ritim,tuku ritim,t u k u + r i t i m,,Angenot2002;Leigue1957,63_heart-A,
orowin-63_heart-1,,orowin,63_heart,timisi,timisi,t i m i s i,,Birchall2016;deFranca2002,63_heart-A,
tapakura-63_heart-1,,tapakura,63_heart,simitʃi,simitʃi,s i m i tʃ i,,CrequiMontfortRivet1913,63_heart-A,
tora-63_heart-1,,tora,63_heart,timu,timu,t i m u,,Nimuendaju1925;Nimuendaju1923,63_heart-A,
wanyam-63_heart-1,,wanyam,63_heart,timiʃiʔ,timiʃiʔ,t i m i ʃ i ʔ,,Ribeiro1998;Hanke1975,63_heart-A,
wari-63_heart-1,,wari,63_heart,tʃimitʃiʔ,tʃimitʃiʔ,tʃ i m i tʃ i ʔ,,EverettKern1997;Kern1996,63_heart-A,
cojubim-64_liver-1,,cojubim,64_liver,tʃawan,tʃawan,tʃ a w a n,,Duran2000,64_liver-A,
jaru-64_liver-1,,jaru,64_liver,trawanasi,trawanasi,t r a w a n a s i,,Rondon1948,64_liver-A,
more-64_liver-1,,more,64_liver,sawan,sawan,s a w a n,,Angenot2002;Leigue1957,64_liver-A,
orowin-64_liver-1,,orowin,64_liver,trawrisi,trawrisi,t r a w r i s i,,Birchall2016;deFranca2002,64_liver-A,
tora-64_liver-1,,tora,64_liver,trawana,trawana,t r a w a n a,,Nimuendaju1925;Nimuendaju1923,64_liver-A,
wanyam-64_liver-1,,wanyam,64_liver,tarawaneʃiʔ,tarawaneʃiʔ,t a r a w a n e ʃ i ʔ,,Ribeiro1998;Hanke1975,64_liver-A,
wari-64_liver-1,,wari,64_liver,tarawanatʃiʔ,tarawanatʃiʔ,t a r a w a n a tʃ i ʔ,,EverettKern1997;Kern1996,64_liver-A,
cojubim-65_drink-1,,cojubim,65_drink,tok,tok,t o k,,Duran2000,65_drink-A,
kitemoka-65_drink-1,,kitemoka,65_drink,kot,kot,k o t,,CrequiMontfortRivet1913,65_drink-A,
more-65_drink-1,,more,65_drink,tok,tok,t o k,,Angenot2002;Leigue1957,65_drink-A,
orowin-65_drink-1,,orowin,65_drink,tok,tok,t o k,,Birchall2016;deFranca2002,65_drink-A,
tora-65_drink-1,,tora,65_drink,tuk,tuk,t u k,,Nimuendaju1925;Nimuendaju1923,65_drink-A,
urupa-65_drink-1,,urupa,65_drink,tok,tok,t o k,,Nimuendaju1925,65_drink-A,
wanyam-65_drink-1,,wanyam,65_drink,tuka,tuka,t u k a,,Ribeiro1998;Hanke1975,65_drink-A,
wari-65_drink-1,,wari,65_drink,tok,tok,t o k,,EverettKern1997;Kern1996,65_drink-A,
cojubim-66_eat-1,,cojubim,66_eat,kawʔ,kawʔ,k a w ʔ,,Duran2000,66_eat-A,
jaru-66_eat-1,,jaru,66_eat,kaw,kaw,k a w,,Rondon1948,66_eat-A,
kitemoka-66_eat-1,,kitemoka,66_eat,kaw,kaw,k a w,,CrequiMontfortRivet1913,66_eat-A,
more-66_eat-1,,more,66_eat,kaw,kaw,k a w,,Angenot2002;Leigue1957,66_eat-A,
orowin-66_eat-1,,orowin,66_eat,kaw,kaw,k a w,,Birchall2016;deFranca2002,66_eat-A,
tapakura-66_eat-1,,tapakura,66_eat,kaw,kaw,k a w,,CrequiMontfortRivet1913,66_eat-A,
tora-66_eat-1,,tora,66_eat,kaw,kaw,k a w,,Nimuendaju1925;Nimuendaju1923,66_eat-A,
urupa-66_eat-1,,urupa,66_eat,kaw,kaw,k a w,,Nimuendaju1925,66_eat-A,
wanyam-66_eat-1,,wanyam,66_eat,kaw,kaw,k a w,,Ribeiro1998;Hanke1975,66_eat-A,
wari-66_eat-1,,wari,66_eat,kaw,kaw,k a w,,EverettKern1997;Kern1996,66_eat-A,
cojubim-67_bite-1,,cojubim,67_bite,kiwʔ,kiwʔ,k i w ʔ,,Duran2000,67_bite-A,
more-67_bite-1,,more,67_bite,kiw,kiw,k i w,,Angenot2002;Leigue1957,67_bite-A,
orowin-67_bite-1,,orowin,67_bite,kiw,kiw,k i w,,Birchall2016;deFranca2002,67_bite-A,
tora-67_bite-1,,tora,67_bite,kiw,kiw,k i w,,Nimuendaju1925;Nimuendaju1923,67_bite-A,
wanyam-67_bite-1,,wanyam,67_bite,kiw,kiw,k i w,,Ribeiro1998;Hanke1975,67_bite-A,
wari-67_bite-1,,wari,67_bite,kiw,kiw,k i w,,EverettKern1997;Kern1996,67_bite-A,
jaru-67_bite-1,,jaru,67_bite,tapitʔ,tapitʔ,t a p i t ʔ,,Rondon1948,67_bite-B,
cojubim-68_suck-1,,cojubim,68_suck,tʃak,tʃak,tʃ a k,,Duran2000,68_suck-A,
more-68_suck-1,,more,68_suck,tʃak,tʃak,tʃ a k,,Angenot2002;Leigue1957,68_suck-A,
orowin-68_suck-1,,orowin,68_suck,itak,itak,i t a k,,Birchall2016;deFranca2002,68_suck-A,
wanyam-68_suck-1,,wanyam,68_suck,ʃak,ʃak,ʃ a k,,Ribeiro1998;Hanke1975,68_suck-A,
wari-68_suck-1,,wari,68_suck,tʃak,tʃak,tʃ a k,,EverettKern1997;Kern1996,68_suck-A,
cojubim-69_vomit-1,,cojubim,69_vomit,weʔ,weʔ,w e ʔ,,Duran2000,69_vomit-A,
jaru-69_vomit-1,,jaru,69_vomit,we,we,w e,,Rondon1948,69_vomit-A,
more-69_vomit-1,,more,69_vomit,we,we,w e,,Angenot2002;Leigue1957,69_vomit-A,
orowin-69_vomit-1,,orowin,69_vomit,yweʔ,yweʔ,y w e ʔ,,Birchall2016;deFranca2002,69_vomit-A,
wanyam-69_vomit-1,,wanyam,69_vomit,we,we,w e,,Ribeiro1998;Hanke1975,69_vomit-A,
wari-69_vomit-1,,wari,69_vomit,weʔ,weʔ,w e ʔ,,EverettKern1997;Kern1996,69_vomit-A,
more-70_breathe-1,,more,70_breathe,awi ram,awi ram,a w i + r a m,,Angenot2002;Leigue1957,70_breathe-A,
orowin-70_breathe-1,,orowin,70_breathe,woram,woram,w o r a m,,Birchall2016;deFranca2002,70_breathe-A,
wanyam-70_breathe-1,,wanyam,70_breathe,uram,uram,u r a m,,Ribeiro1998;Hanke1975,70_breathe-A,
wari-70_breathe-1,,wari,70_breathe,wereme,wereme,w e r e m e,,EverettKern1997;Kern1996,70_breathe-A,
cojubim-70_breathe-1,,cojubim,70_breathe,zak,zak,z a k,,Duran2000,70_breathe-B,
more-70_breathe-2,,more,70_breathe,ʒ̟ak,ʒ̟ak,ʒ̟ a k,,Angenot2002;Leigue1957,70_breathe-B,
cojubim-71_laugh-1,,cojubim,71_laugh,tasam,tasam,t a s a m,,Duran2000,71_laugh-A,
more-71_laugh-1,,more,71_laugh,tasam,tasam,t a s a m,,Angenot2002;Leigue1957,71_laugh-A,
orowin-71_laugh-1,,orowin,71_laugh,tarim,tarim,t a r i m,,Birchall2016;deFranca2002,71_laugh-A,
wanyam-71_laugh-1,,wanyam,71_laugh,trahum,trahum,t r a h u m,,Ribeiro1998;Hanke1975,71_laugh-A,
wari-71_laugh-1,,wari,71_laugh,tatamʔ,tatamʔ,t a t a m ʔ,,EverettKern1997;Kern1996,71_laugh-A,
tapakura-71_laugh-1,,tapakura,71_laugh,matimuiara,matimuiara,m a t i m u i a r a,,CrequiMontfortRivet1913,71_laugh-B,
kitemoka-71_laugh-1,,kitemoka,71_laugh,eva,eva,e v a,,CrequiMontfortRivet1913,71_laugh-C,
cojubim-72_see-1,,cojubim,72_see,kirik,kirik,k i r i k,,Duran2000,72_see-A,
kitemoka-72_see-1,,kitemoka,72_see,tirig,tirig,t i r i g,,CrequiMontfortRivet1913,72_see-A,
more-72_see-1,,more,72_see,kirik,kirik,k i r i k,,Angenot2002;Leigue1957,72_see-A,
orowin-72_see-1,,orowin,72_see,kirik,kirik,k i r i k,,Birchall2016;deFranca2002,72_see-A,
tapakura-72_see-1,,tapakura,72_see,kirik,kirik,k i r i k,,CrequiMontfortRivet1913,72_see-A,
tora-72_see-1,,tora,72_see,krid,krid,k r i d,,Nimuendaju1925;Nimuendaju1923,72_see-A,
wanyam-72_see-1,,wanyam,72_see,kirik,kirik,k i r i k,,Ribeiro1998;Hanke1975,72_see-A,
wari-72_see-1,,wari,72_see,kerek,kerek,k e r e k,,EverettKern1997;Kern1996,72_see-A,
cojubim-73_hear-1,,cojubim,73_hear,rapat,rapat,r a p a t,,Duran2000,73_hear-A,
more-73_hear-1,,more,73_hear,arapat,arapat,a r a p a t,,Angenot2002;Leigue1957,73_hear-A,
orowin-73_hear-1,,orowin,73_hear,worapat,worapat,w o r a p a t,,Birchall2016;deFranca2002,73_hear-A,
wanyam-73_hear-1,,wanyam,73_hear,warapat,warapat,w a r a p a t,,Ribeiro1998;Hanke1975,73_hear-A,
cojubim-74_fear-1,,cojubim,74_fear,ininʔ,ininʔ,i n i n ʔ,,Duran2000,74_fear-A,
jaru-74_fear-1,,jaru,74_fear,injin,injin,i n j i n,,Rondon1948,74_fear-A,
more-74_fear-1,,more,74_fear,ijin,ijin,i j i n,,Angenot2002;Leigue1957,74_fear-A,
orowin-74_fear-1,,orowin,74_fear,ijin,ijin,i j i n,,Birchall2016;deFranca2002,74_fear-A,
tora-74_fear-1,,tora,74_fear,ejidn,ejidn,e j i d n,,Nimuendaju1925;Nimuendaju1923,74_fear-A,
wanyam-74_fear-1,,wanyam,74_fear,inin,inin,i n i n,,Ribeiro1998;Hanke1975,74_fear-A,
wari-74_fear-1,,wari,74_fear,jinʔ,jinʔ,j i n ʔ,,EverettKern1997;Kern1996,74_fear-A,
cojubim-75_sleep-1,,cojubim,75_sleep,upin,upin,u p i n,,Duran2000,75_sleep-A,
jaru-75_sleep-1,,jaru,75_sleep,upejamʔ,upejamʔ,u p e j a m ʔ,,Rondon1948,75_sleep-A,
more-75_sleep-1,,more,75_sleep,upen,upen,u p e n,,Angenot2002;Leigue1957,75_sleep-A,
orowin-75_sleep-1,,orowin,75_sleep,ypen,ypen,y p e n,,Birchall2016;deFranca2002,75_sleep-A,
tora-75_sleep-1,,tora,75_sleep,upoɲ,upoɲ,u p o ɲ,,Nimuendaju1925;Nimuendaju1923,75_sleep-A,
urupa-75_sleep-1,,urupa,75_sleep,ypen,ypen,y p e n,,Nimuendaju1925,75_sleep-A,
wanyam-75_sleep-1,,wanyam,75_sleep,ipen,ipen,i p e n,,Ribeiro1998;Hanke1975,75_sleep-A,
wari-75_sleep-1,,wari,75_sleep,piʔ am,piʔ am,p i ʔ + a m,,EverettKern1997;Kern1996,75_sleep-A,
tapakura-75_sleep-1,,tapakura,75_sleep,watʃiahe,watʃiahe,w a tʃ i a h e,,CrequiMontfortRivet1913,75_sleep-B,
kitemoka-75_sleep-1,,kitemoka,75_sleep,ootʃe,ootʃe,oː tʃ e,,CrequiMontfortRivet1913,75_sleep-C,
cojubim-76_die-1,,cojubim,76_die,imiʔ,imiʔ,i m i ʔ,,Duran2000,76_die-A,
jaru-76_die-1,,jaru,76_die,imi,imi,i m i,,Rondon1948,76_die-A,
more-76_die-1,,more,76_die,imi,imi,i m i,,Angenot2002;Leigue1957,76_die-A,
orowin-76_die-1,,orowin,76_die,imiʔ,imiʔ,i m i ʔ,,Birchall2016;deFranca2002,76_die-A,
tora-76_die-1,,tora,76_die,imi,imi,i m i,,Nimuendaju1925;Nimuendaju1923,76_die-A,
wanyam-76_die-1,,wanyam,76_die,imi,imi,i m i,,Ribeiro1998;Hanke1975,76_die-A,
wari-76_die-1,,wari,76_die,miʔ,miʔ,m i ʔ,,EverettKern1997;Kern1996,76_die-A,
cojubim-77_kill-1,,cojubim,77_kill,paʔ,paʔ,p a ʔ,,Duran2000,77_kill-A,
jaru-77_kill-1,,jaru,77_kill,pa,pa,p a,,Rondon1948,77_kill-A,
more-77_kill-1,,more,77_kill,pa,pa,p a,,Angenot2002;Leigue1957,77_kill-A,
orowin-77_kill-1,,orowin,77_kill,paʔ,paʔ,p a ʔ,,Birchall2016;deFranca2002,77_kill-A,
tora-77_kill-1,,tora,77_kill,pa,pa,p a,,Nimuendaju1925;Nimuendaju1923,77_kill-A,
urupa-77_kill-1,,urupa,77_kill,tupab,tupab,t u p a b,,Nimuendaju1925,77_kill-A,
wanyam-77_kill-1,,wanyam,77_kill,pa,pa,p a,,Ribeiro1998;Hanke1975,77_kill-A,
wari-77_kill-1,,wari,77_kill,paʔ,paʔ,p a ʔ,,EverettKern1997;Kern1996,77_kill-A,
kitemoka-77_kill-1,,kitemoka,77_kill,tioakko,tioakko,t i o a k k o,,CrequiMontfortRivet1913,77_kill-B,
tapakura-77_kill-1,,tapakura,77_kill,tuakun,tuakun,t u a k u n,,CrequiMontfortRivet1913,77_kill-B,
orowin-78_fight-1,,orowin,78_fight,tamanaʔ,tamanaʔ,t a m a n a ʔ,,Birchall2016;deFranca2002,78_fight-A,
wari-78_fight-1,,wari,78_fight,manaʔ,manaʔ,m a n a ʔ,,EverettKern1997;Kern1996,78_fight-A,
wari-78_fight-2,,wari,78_fight,mitʃitaʔ,mitʃitaʔ,m i tʃ i t a ʔ,,EverettKern1997;Kern1996,78_fight-B,
more-78_fight-1,,more,78_fight,arami je,arami je,a r a m i + j e,,Angenot2002;Leigue1957,78_fight-C,
wanyam-78_fight-1,,wanyam,78_fight,aʃeremi,aʃeremi,a ʃ e r e m i,,Ribeiro1998;Hanke1975,78_fight-C,
jaru-78_fight-1,,jaru,78_fight,eke,eke,e k e,,Rondon1948,78_fight-D,
more-78_fight-2,,more,78_fight,jim,jim,j i m,,Angenot2002;Leigue1957,78_fight-E,
cojubim-79_shoot-1,,cojubim,79_shoot,puru,puru,p u r u,,Duran2000,79_shoot-A,
more-79_shoot-1,,more,79_shoot,puru,puru,p u r u,,Angenot2002;Leigue1957,79_shoot-A,
orowin-79_shoot-1,,orowin,79_shoot,friʔ,friʔ,f r i ʔ,,Birchall2016;deFranca2002,79_shoot-A,
wanyam-79_shoot-1,,wanyam,79_shoot,hiri,hiri,h i r i,,Ribeiro1998;Hanke1975,79_shoot-A,
wari-79_shoot-1,,wari,79_shoot,hyry,hyry,h y r y,,EverettKern1997;Kern1996,79_shoot-A,
tora-79_shoot-1,,tora,79_shoot,tap,tap,t a p,,Nimuendaju1925;Nimuendaju1923,79_shoot-B,
jaru-79_shoot-1,,jaru,79_shoot,keu,keu,k e u,,Rondon1948,79_shoot-C,
more-80_hit-1,,more,80_hit,ton,ton,t o n,,Angenot2002;Leigue1957,80_hit-A,
orowin-80_hit-1,,orowin,80_hit,toʔ,toʔ,t o ʔ,,Birchall2016;deFranca2002,80_hit-A,
urupa-80_hit-1,,urupa,80_hit,tupan,tupan,t u p a n,,Nimuendaju1925,80_hit-A,
wanyam-80_hit-1,,wanyam,80_hit,to,to,t o,,Ribeiro1998;Hanke1975,80_hit-A,
wari-80_hit-1,,wari,80_hit,toʔ,toʔ,t o ʔ,,EverettKern1997;Kern1996,80_hit-A,
cojubim-80_hit-1,,cojubim,80_hit,pap,pap,p a p,,Duran2000,80_hit-B,
orowin-80_hit-2,,orowin,80_hit,pak,pak,p a k,,Birchall2016;deFranca2002,80_hit-B,
tora-80_hit-1,,tora,80_hit,pak,pak,p a k,,Nimuendaju1925;Nimuendaju1923,80_hit-B,
cojubim-81_cut-1,,cojubim,81_cut,taʔ,taʔ,t a ʔ,,Duran2000,81_cut-A,
jaru-81_cut-1,,jaru,81_cut,ta,ta,t a,,Rondon1948,81_cut-A,
more-81_cut-1,,more,81_cut,ta,ta,t a,,Angenot2002;Leigue1957,81_cut-A,
orowin-81_cut-1,,orowin,81_cut,ta kat,ta kat,t a + k a t,,Birchall2016;deFranca2002,81_cut-A,
tora-81_cut-1,,tora,81_cut,ta,ta,t a,,Nimuendaju1925;Nimuendaju1923,81_cut-A,
wanyam-81_cut-1,,wanyam,81_cut,takat,takat,t a k a t,,Ribeiro1998;Hanke1975,81_cut-A,
wari-81_cut-1,,wari,81_cut,ta,ta,t a,,EverettKern1997;Kern1996,81_cut-A,
cojubim-81_cut-2,,cojubim,81_cut,wak,wak,w a k,,Duran2000,81_cut-B,
more-81_cut-2,,more,81_cut,wok,wok,w o k,,Angenot2002;Leigue1957,81_cut-B,
orowin-81_cut-2,,orowin,81_cut,wak,wak,w a k,,Birchall2016;deFranca2002,81_cut-B,
wari-81_cut-2,,wari,81_cut,wak,wak,w a k,,EverettKern1997;Kern1996,81_cut-B,
orowin-81_cut-3,,orowin,81_cut,pit,pit,p i t,,Birchall2016;deFranca2002,81_cut-C,
tapakura-81_cut-1,,tapakura,81_cut,pitʃiram,pitʃiram,p i tʃ i r a m,,CrequiMontfortRivet1913,81_cut-C,
wanyam-81_cut-2,,wanyam,81_cut,pit kiran,pit kiran,p i t + k i r a n,,Ribeiro1998;Hanke1975,81_cut-C,
wari-81_cut-3,,wari,81_cut,pit,pit,p i t,,EverettKern1997;Kern1996,81_cut-C,
cojubim-82_dig-1,,cojubim,82_dig,tuk,tuk,t u k,,Duran2000,82_dig-A,
orowin-82_dig-1,,orowin,82_dig,tiki,tiki,t i k i,,Birchall2016;deFranca2002,82_dig-A,
wanyam-82_dig-1,,wanyam,82_dig,kit,kit,k i t,,Ribeiro1998;Hanke1975,82_dig-A,
wari-82_dig-1,,wari,82_dig,tikiʔ,tikiʔ,t i k i ʔ,,EverettKern1997;Kern1996,82_dig-A,
more-82_dig-1,,more,82_dig,putum,putum,p u t u m,,Angenot2002;Leigue1957,82_dig-B,
orowin-83_swim-1,,orowin,83_swim,jy,jy,j y,,Birchall2016;deFranca2002,83_swim-A,
wanyam-83_swim-1,,wanyam,83_swim,ji,ji,j i,,Ribeiro1998;Hanke1975,83_swim-A,
wari-83_swim-1,,wari,83_swim,pan kam,pan kam,p a n + k a m,,EverettKern1997;Kern1996,83_swim-B,
jaru-83_swim-1,,jaru,83_swim,he,he,h e,,Rondon1948,83_swim-C,
more-83_swim-1,,more,83_swim,kawak,kawak,k a w a k,,Angenot2002;Leigue1957,83_swim-D,
tapakura-83_swim-1,,tapakura,83_swim,kawa ko,kawa ko,k a w a + k o,,CrequiMontfortRivet1913,83_swim-D,
cojubim-83_swim-1,,cojubim,83_swim,marakujan,marakujan,m a r a k u j a n,,Duran2000,83_swim-E,
orowin-84_fly-1,,orowin,84_fly,taki,taki,t a k i,,Birchall2016;deFranca2002,84_fly-A,
wanyam-84_fly-1,,wanyam,84_fly,taki,taki,t a k i,,Ribeiro1998;Hanke1975,84_fly-A,
wari-84_fly-1,,wari,84_fly,takiʔ,takiʔ,t a k i ʔ,,EverettKern1997;Kern1996,84_fly-A,
orowin-84_fly-2,,orowin,84_fly,ijam,ijam,i j a m,,Birchall2016;deFranca2002,84_fly-B,
cojubim-84_fly-1,,cojubim,84_fly,ze,ze,z e,,Duran2000,84_fly-C,
more-84_fly-1,,more,84_fly,ʒ̟e,ʒ̟e,ʒ̟ e,,Angenot2002;Leigue1957,84_fly-C,
cojubim-85_walk-1,,cojubim,85_walk,tot,tot,t o t,,Duran2000,85_walk-A,
jaru-85_walk-1,,jaru,85_walk,tet,tet,t e t,,Rondon1948,85_walk-A,
more-85_walk-1,,more,85_walk,tut,tut,t u t,,Angenot2002;Leigue1957,85_walk-A,
orowin-85_walk-1,,orowin,85_walk,tyt,tyt,t y t,,Birchall2016;deFranca2002,85_walk-A,
wanyam-85_walk-1,,wanyam,85_walk,tit,tit,t i t,,Ribeiro1998;Hanke1975,85_walk-A,
wari-85_walk-1,,wari,85_walk,tʃyt,tʃyt,tʃ y t,,EverettKern1997;Kern1996,85_walk-A,
orowin-86_come-1,,orowin,86_come,maki,maki,m a k i,,Birchall2016;deFranca2002,86_come-A,
tora-86_come-1,,tora,86_come,makiʔ,makiʔ,m a k i ʔ,,Nimuendaju1925;Nimuendaju1923,86_come-A,
wari-86_come-1,,wari,86_come,makiʔ,makiʔ,m a k i ʔ,,EverettKern1997;Kern1996,86_come-A,
cojubim-86_come-1,,cojubim,86_come,iwan,iwan,i w a n,,Duran2000,86_come-B,
more-86_come-1,,more,86_come,iwan,iwan,i w a n,,Angenot2002;Leigue1957,86_come-B,
wanyam-86_come-1,,wanyam,86_come,iwan,iwan,i w a n,,Ribeiro1998;Hanke1975,86_come-B,
tapakura-86_come-1,,tapakura,86_come,mana,mana,m a n a,,CrequiMontfortRivet1913,86_come-C,
kitemoka-86_come-1,,kitemoka,86_come,nia,nia,n i a,,CrequiMontfortRivet1913,86_come-D,
cojubim-87_lie-1,,cojubim,87_lie,titimʔ,titimʔ,t i t i m ʔ,,Duran2000,87_lie-A,
jaru-87_lie-1,,jaru,87_lie,trem,trem,t r e m,,Rondon1948,87_lie-A,
orowin-87_lie-1,,orowin,87_lie,tim,tim,t i m,,Birchall2016;deFranca2002,87_lie-A,
tora-87_lie-1,,tora,87_lie,wuritimi,wuritimi,w u r i t i m i,,Nimuendaju1925;Nimuendaju1923,87_lie-A,
wanyam-87_lie-1,,wanyam,87_lie,tarim,tarim,t a r i m,,Ribeiro1998;Hanke1975,87_lie-A,
wari-87_lie-1,,wari,87_lie,teremʔ,teremʔ,t e r e m ʔ,,EverettKern1997;Kern1996,87_lie-A,
kitemoka-87_lie-1,,kitemoka,87_lie,tʃekom,tʃekom,tʃ e k o m,,CrequiMontfortRivet1913,87_lie-B,
orowin-87_lie-2,,orowin,87_lie,tokoʔ,tokoʔ,t o k o ʔ,,Birchall2016;deFranca2002,87_lie-B,
wari-87_lie-2,,wari,87_lie,tokoʔ,tokoʔ,t o k o ʔ,,EverettKern1997;Kern1996,87_lie-B,
jaru-87_lie-2,,jaru,87_lie,ta,ta,t a,,Rondon1948,87_lie-C,
more-87_lie-1,,more,87_lie,ʒ̟ak,ʒ̟ak,ʒ̟ a k,,Angenot2002;Leigue1957,87_lie-C,
urupa-87_lie-1,,urupa,87_lie,tak,tak,t a k,,Nimuendaju1925,87_lie-C,
wari-87_lie-3,,wari,87_lie,tak,tak,t a k,,EverettKern1997;Kern1996,87_lie-C,
tapakura-87_lie-1,,tapakura,87_lie,wa,wa,w a,,CrequiMontfortRivet1913,87_lie-D,
cojubim-88_sit-1,,cojubim,88_sit,pe,pe,p e,,Duran2000,88_sit-A,
more-88_sit-1,,more,88_sit,pwe,pwe,p w e,,Angenot2002;Leigue1957,88_sit-A,
orowin-88_sit-1,,orowin,88_sit,pe,pe,p e,,Birchall2016;deFranca2002,88_sit-A,
tapakura-88_sit-1,,tapakura,88_sit,pepe,pepe,p e p e,,CrequiMontfortRivet1913,88_sit-A,
tora-88_sit-1,,tora,88_sit,pi,pi,p i,,Nimuendaju1925;Nimuendaju1923,88_sit-A,
wanyam-88_sit-1,,wanyam,88_sit,pe,pe,p e,,Ribeiro1998;Hanke1975,88_sit-A,
wari-88_sit-1,,wari,88_sit,peʔ,peʔ,p e ʔ,,EverettKern1997;Kern1996,88_sit-A,
cojubim-89_stand-1,,cojubim,89_stand,tak,tak,t a k,,Duran2000,89_stand-A,
more-89_stand-1,,more,89_stand,taki,taki,t a k i,,Angenot2002;Leigue1957,89_stand-A,
tapakura-89_stand-1,,tapakura,89_stand,tekipepe,tekipepe,t e k i p e p e,,CrequiMontfortRivet1913,89_stand-A,
wari-89_stand-1,,wari,89_stand,tekiʔ pe,tekiʔ pe,t e k i ʔ + p e,,EverettKern1997;Kern1996,89_stand-A,
orowin-89_stand-1,,orowin,89_stand,pan,pan,p a n,,Birchall2016;deFranca2002,89_stand-B,
kitemoka-89_stand-1,,kitemoka,89_stand,sed,sed,s e d,,CrequiMontfortRivet1913,89_stand-C,
wari-89_stand-2,,wari,89_stand,tʃat,tʃat,tʃ a t,,EverettKern1997;Kern1996,89_stand-C,
cojubim-90_fall-1,,cojubim,90_fall,ipan,ipan,i p a n,,Duran2000,90_fall-A,
more-90_fall-1,,more,90_fall,ipan,ipan,i p a n,,Angenot2002;Leigue1957,90_fall-A,
orowin-90_fall-1,,orowin,90_fall,ipan,ipan,i p a n,,Birchall2016;deFranca2002,90_fall-A,
tora-90_fall-1,,tora,90_fall,ipad,ipad,i p a d,,Nimuendaju1925;Nimuendaju1923,90_fall-A,
wanyam-90_fall-1,,wanyam,90_fall,ipan,ipan,i p a n,,Ribeiro1998;Hanke1975,90_fall-A,
wari-90_fall-1,,wari,90_fall,panʔ,panʔ,p a n ʔ,,EverettKern1997;Kern1996,90_fall-A,
wari-90_fall-2,,wari,90_fall,kamaraʔ,kamaraʔ,k a m a r a ʔ,,EverettKern1997;Kern1996,90_fall-B,
cojubim-91_give-1,,cojubim,91_give,miʔ,miʔ,m i ʔ,,Duran2000,91_give-A,
kitemoka-91_give-1,,kitemoka,91_give,me,me,m e,,CrequiMontfortRivet1913,91_give-A,
more-91_give-1,,more,91_give,mi,mi,m i,,Angenot2002;Leigue1957,91_give-A,
orowin-91_give-1,,orowin,91_give,miʔ,miʔ,m i ʔ,,Birchall2016;deFranca2002,91_give-A,
tapakura-91_give-1,,tapakura,91_give,mi,mi,m i,,CrequiMontfortRivet1913,91_give-A,
tora-91_give-1,,tora,91_give,miʔ,miʔ,m i ʔ,,Nimuendaju1925;Nimuendaju1923,91_give-A,
wanyam-91_give-1,,wanyam,91_give,min,min,m i n,,Ribeiro1998;Hanke1975,91_give-A,
wari-91_give-1,,wari,91_give,miʔ,miʔ,m i ʔ,,EverettKern1997;Kern1996,91_give-A,
jaru-92_wash-1,,jaru,92_wash,rokon,rokon,r o k o n,,Rondon1948,92_wash-A,
orowin-92_wash-1,,orowin,92_wash,wirikom,wirikom,w i r i k o m,,Birchall2016;deFranca2002,92_wash-A,
wanyam-92_wash-1,,wanyam,92_wash,irokon,irokon,i r o k o n,,Ribeiro1998;Hanke1975,92_wash-A,
wari-92_wash-1,,wari,92_wash,hohok,hohok,h o h o k,,EverettKern1997;Kern1996,92_wash-B,
cojubim-92_wash-1,,cojubim,92_wash,tʃaw,tʃaw,tʃ a w,,Duran2000,92_wash-C,
more-92_wash-1,,more,92_wash,tʃaw,tʃaw,tʃ a w,,Angenot2002;Leigue1957,92_wash-C,
wanyam-92_wash-2,,wanyam,92_wash,ʃawa,ʃawa,ʃ a w a,,Ribeiro1998;Hanke1975,92_wash-C,
cojubim-93_pull-1,,cojubim,93_pull,ko,ko,k o,,Duran2000,93_pull-A,
more-93_pull-1,,more,93_pull,ko,ko,k o,,Angenot2002;Leigue1957,93_pull-A,
orowin-93_pull-1,,orowin,93_pull,kok tBot,kok tBot,k o k + t b o t,,Birchall2016;deFranca2002,93_pull-A,
wari-93_pull-1,,wari,93_pull,køk,køk,k ø k,,EverettKern1997;Kern1996,93_pull-A,
cojubim-94_push-1,,cojubim,94_push,jok,jok,j o k,,Duran2000,94_push-A,
orowin-94_push-1,,orowin,94_push,jyk,jyk,j y k,,Birchall2016;deFranca2002,94_push-A,
wanyam-94_push-1,,wanyam,94_push,jek,jek,j e k,,Ribeiro1998;Hanke1975,94_push-A,
wari-94_push-1,,wari,94_push,jøk,jøk,j ø k,,EverettKern1997;Kern1996,94_push-A,
more-94_push-1,,more,94_push,tun,tun,t u n,,Angenot2002;Leigue1957,94_push-B,
orowin-95_throw-1,,orowin,95_throw,sin,sin,s i n,,Birchall2016;deFranca2002,95_throw-A,
wanyam-95_throw-1,,wanyam,95_throw,ʃin,ʃin,ʃ i n,,Ribeiro1998;Hanke1975,95_throw-A,
wari-95_throw-1,,wari,95_throw,tʃin,tʃin,tʃ i n,,EverettKern1997;Kern1996,95_throw-A,
cojubim-95_throw-1,,cojubim,95_throw,pin,pin,p i n,,Duran2000,95_throw-B,
more-95_throw-1,,more,95_throw,pwin,pwin,p w i n,,Angenot2002;Leigue1957,95_throw-B,
more-96_tie-1,,more,96_tie,paw,paw,p a w,,Angenot2002;Leigue1957,96_tie-A,
orowin-96_tie-1,,orowin,96_tie,paw,paw,p a w,,Birchall2016;deFranca2002,96_tie-A,
wanyam-96_tie-1,,wanyam,96_tie,paw,paw,p a w,,Ribeiro1998;Hanke1975,96_tie-A,
wari-96_tie-1,,wari,96_tie,pawʔ,pawʔ,p a w ʔ,,EverettKern1997;Kern1996,96_tie-A,
cojubim-96_tie-1,,cojubim,96_tie,pip,pip,p i p,,Duran2000,96_tie-B,
more-96_tie-2,,more,96_tie,pip,pip,p i p,,Angenot2002;Leigue1957,96_tie-B,
kitemoka-97_say-1,,kitemoka,97_say,tumi,tumi,t u m i,,CrequiMontfortRivet1913,97_say-A,
tapakura-97_say-1,,tapakura,97_say,timi,timi,t i m i,,CrequiMontfortRivet1913,97_say-A,
wari-97_say-1,,wari,97_say,tomiʔ,tomiʔ,t o m i ʔ,,EverettKern1997;Kern1996,97_say-A,
orowin-97_say-1,,orowin,97_say,naʔ,naʔ,n a ʔ,,Birchall2016;deFranca2002,97_say-B,
wanyam-97_say-1,,wanyam,97_say,wanjam,wanjam,w a n j a m,,Ribeiro1998;Hanke1975,97_say-C,
urupa-97_say-1,,urupa,97_say,pa,pa,p a,,Nimuendaju1925,97_say-D,
cojubim-97_say-1,,cojubim,97_say,ja,ja,j a,,Duran2000,97_say-E,
kitemoka-97_say-2,,kitemoka,97_say,jajara,jajara,j a j a r a,,CrequiMontfortRivet1913,97_say-E,
more-97_say-1,,more,97_say,ja,ja,j a,,Angenot2002;Leigue1957,97_say-E,
orowin-98_sing-1,,orowin,98_sing,kom,kom,k o m,,Birchall2016;deFranca2002,98_sing-A,
wanyam-98_sing-1,,wanyam,98_sing,kum,kum,k u m,,Ribeiro1998;Hanke1975,98_sing-A,
wari-98_sing-1,,wari,98_sing,kom,kom,k o m,,EverettKern1997;Kern1996,98_sing-A,
jaru-98_sing-1,,jaru,98_sing,haka,haka,h a k a,,Rondon1948,98_sing-B,
cojubim-98_sing-1,,cojubim,98_sing,wo,wo,w o,,Duran2000,98_sing-C,
more-98_sing-1,,more,98_sing,wo ki,wo ki,w o + k i,,Angenot2002;Leigue1957,98_sing-C,
more-98_sing-2,,more,98_sing,atʃimara,atʃimara,a tʃ i m a r a,,Angenot2002;Leigue1957,98_sing-D,
cojubim-99_sun-1,,cojubim,99_sun,mapitoʔ,mapitoʔ,m a p i t o ʔ,,Duran2000,99_sun-A,
kitemoka-99_sun-1,,kitemoka,99_sun,papuitio,papuitio,p a p u i t i o,,CrequiMontfortRivet1913,99_sun-A,
more-99_sun-1,,more,99_sun,mapwito,mapwito,m a p w i t o,,Angenot2002;Leigue1957,99_sun-A,
tapakura-99_sun-1,,tapakura,99_sun,wapuito,wapuito,w a p u i t o,,CrequiMontfortRivet1913,99_sun-A,
tora-99_sun-1,,tora,99_sun,apito,apito,a p i t o,,Nimuendaju1925;Nimuendaju1923,99_sun-A,
wanyam-99_sun-1,,wanyam,99_sun,wapiru,wapiru,w a p i r u,,Ribeiro1998;Hanke1975,99_sun-A,
wari-99_sun-1,,wari,99_sun,tʃina,tʃina,tʃ i n a,,EverettKern1997;Kern1996,99_sun-B,
jaru-99_sun-1,,jaru,99_sun,komem,komem,k o m e m,,Rondon1948,99_sun-C,
urupa-99_sun-1,,urupa,99_sun,kumen,kumen,k u m e n,,Nimuendaju1925,99_sun-C,
orowin-99_sun-1,,orowin,99_sun,fakamiʔ,fakamiʔ,f a k a m i ʔ,,Birchall2016;deFranca2002,99_sun-D,
cojubim-100_moon-1,,cojubim,100_moon,panawoʔ,panawoʔ,p a n a w o ʔ,,Duran2000,100_moon-A,
jaru-100_moon-1,,jaru,100_moon,panau,panau,p a n a u,,Rondon1948,100_moon-A,
kitemoka-100_moon-1,,kitemoka,100_moon,pnato,pnato,p n a t o,,CrequiMontfortRivet1913,100_moon-A,
more-100_moon-1,,more,100_moon,panawoʔ,panawoʔ,p a n a w o ʔ,,Angenot2002;Leigue1957,100_moon-A,
tapakura-100_moon-1,,tapakura,100_moon,panato,panato,p a n a t o,,CrequiMontfortRivet1913,100_moon-A,
tora-100_moon-1,,tora,100_moon,panao,panao,p a n a o,,Nimuendaju1925;Nimuendaju1923,100_moon-A,
urupa-100_moon-1,,urupa,100_moon,panaoʔ,panaoʔ,p a n a o ʔ,,Nimuendaju1925,100_moon-A,
wanyam-100_moon-1,,wanyam,100_moon,panawoʔ,panawoʔ,p a n a w o ʔ,,Ribeiro1998;Hanke1975,100_moon-A,
wari-100_moon-1,,wari,100_moon,panawoʔ,panawoʔ,p a n a w o ʔ,,EverettKern1997;Kern1996,100_moon-A,
cojubim-101_star-1,,cojubim,101_star,pi pijo,pi pijo,p i + p i j o,,Duran2000,101_star-A,
jaru-101_star-1,,jaru,101_star,upiu,upiu,u p i u,,Rondon1948,101_star-A,
kitemoka-101_star-1,,kitemoka,101_star,pilʔahu,pilʔahu,p i l ʔ a h u,,CrequiMontfortRivet1913,101_star-A,
more-101_star-1,,more,101_star,pipijo,pipijo,p i p i j o,,Angenot2002;Leigue1957,101_star-A,
tapakura-101_star-1,,tapakura,101_star,wipijao,wipijao,w i p i j a o,,CrequiMontfortRivet1913,101_star-A,
tora-101_star-1,,tora,101_star,pipijo,pipijo,p i p i j o,,Nimuendaju1925;Nimuendaju1923,101_star-A,
urupa-101_star-1,,urupa,101_star,upijo,upijo,u p i j o,,Nimuendaju1925,101_star-A,
wanyam-101_star-1,,wanyam,101_star,upijuʔ,upijuʔ,u p i j u ʔ,,Ribeiro1998;Hanke1975,101_star-A,
wari-101_star-1,,wari,101_star,pijoʔ,pijoʔ,p i j o ʔ,,EverettKern1997;Kern1996,101_star-A,
orowin-101_star-1,,orowin,101_star,oro jawin,oro jawin,o r o + j a w i n,,Birchall2016;deFranca2002,101_star-B,
cojubim-102_water-1,,cojubim,102_water,kom,kom,k o m,,Duran2000,102_water-A,
jaru-102_water-1,,jaru,102_water,ko,ko,k o,,Rondon1948,102_water-A,
kitemoka-102_water-1,,kitemoka,102_water,ako,ako,a k o,,CrequiMontfortRivet1913,102_water-A,
more-102_water-1,,more,102_water,kom,kom,k o m,,Angenot2002;Leigue1957,102_water-A,
orowin-102_water-1,,orowin,102_water,kom,kom,k o m,,Birchall2016;deFranca2002,102_water-A,
tapakura-102_water-1,,tapakura,102_water,akum,akum,a k u m,,CrequiMontfortRivet1913,102_water-A,
tora-102_water-1,,tora,102_water,kom,kom,k o m,,Nimuendaju1925;Nimuendaju1923,102_water-A,
urupa-102_water-1,,urupa,102_water,kom,kom,k o m,,Nimuendaju1925,102_water-A,
wanyam-102_water-1,,wanyam,102_water,kom,kom,k o m,,Ribeiro1998;Hanke1975,102_water-A,
wari-102_water-1,,wari,102_water,kom,kom,k o m,,EverettKern1997;Kern1996,102_water-A,
jaru-103_rain-1,,jaru,103_rain,soi,soi,s o i,,Rondon1948,103_rain-A,
more-103_rain-1,,more,103_rain,tʃuwe,tʃuwe,tʃ u w e,,Angenot2002;Leigue1957,103_rain-A,
orowin-103_rain-1,,orowin,103_rain,sowiʔ,sowiʔ,s o w i ʔ,,Birchall2016;deFranca2002,103_rain-A,
urupa-103_rain-1,,urupa,103_rain,sui,sui,s u i,,Nimuendaju1925,103_rain-A,
wanyam-103_rain-1,,wanyam,103_rain,ʃuwiʔ,ʃuwiʔ,ʃ u w i ʔ,,Ribeiro1998;Hanke1975,103_rain-A,
wari-103_rain-1,,wari,103_rain,tʃowiʔ,tʃowiʔ,tʃ o w i ʔ,,EverettKern1997;Kern1996,103_rain-A,
cojubim-104_stone-1,,cojubim,104_stone,pikun,pikun,p i k u n,,Duran2000,104_stone-A,
jaru-104_stone-1,,jaru,104_stone,paken,paken,p a k e n,,Rondon1948,104_stone-A,
kitemoka-104_stone-1,,kitemoka,104_stone,pikui,pikui,p i k u i,,CrequiMontfortRivet1913,104_stone-A,
more-104_stone-1,,more,104_stone,pikun,pikun,p i k u n,,Angenot2002;Leigue1957,104_stone-A,
orowin-104_stone-1,,orowin,104_stone,pekyn,pekyn,p e k y n,,Birchall2016;deFranca2002,104_stone-A,
tapakura-104_stone-1,,tapakura,104_stone,pekun,pekun,p e k u n,,CrequiMontfortRivet1913,104_stone-A,
tora-104_stone-1,,tora,104_stone,pikun,pikun,p i k u n,,Nimuendaju1925;Nimuendaju1923,104_stone-A,
urupa-104_stone-1,,urupa,104_stone,pakyn,pakyn,p a k y n,,Nimuendaju1925,104_stone-A,
wanyam-104_stone-1,,wanyam,104_stone,pekin,pekin,p e k i n,,Ribeiro1998;Hanke1975,104_stone-A,
wari-104_stone-1,,wari,104_stone,pakyn,pakyn,p a k y n,,EverettKern1997;Kern1996,104_stone-A,
jaru-105_sand-1,,jaru,105_sand,namajekun,namajekun,n a m a j e k u n,,Rondon1948,105_sand-A,
more-105_sand-1,,more,105_sand,mimaʒ̟,mimaʒ̟,m i m a ʒ̟,,Angenot2002;Leigue1957,105_sand-A,
orowin-105_sand-1,,orowin,105_sand,namajiʔ,namajiʔ,n a m a j i ʔ,,Birchall2016;deFranca2002,105_sand-A,
tora-105_sand-1,,tora,105_sand,mijmaj,mijmaj,m i j m a j,,Nimuendaju1925;Nimuendaju1923,105_sand-A,
wanyam-105_sand-1,,wanyam,105_sand,nimajiʔ,nimajiʔ,n i m a j i ʔ,,Ribeiro1998;Hanke1975,105_sand-A,
wari-105_sand-1,,wari,105_sand,namaji,namaji,n a m a j i,,EverettKern1997;Kern1996,105_sand-A,
kitemoka-105_sand-1,,kitemoka,105_sand,mate,mate,m a t e,,CrequiMontfortRivet1913,105_sand-B,
tapakura-105_sand-1,,tapakura,105_sand,umati,umati,u m a t i,,CrequiMontfortRivet1913,105_sand-B,
cojubim-106_earth-1,,cojubim,106_earth,namakan,namakan,n a m a k a n,,Duran2000,106_earth-A,
jaru-106_earth-1,,jaru,106_earth,manakan,manakan,m a n a k a n,,Rondon1948,106_earth-A,
kitemoka-106_earth-1,,kitemoka,106_earth,emakan,emakan,e m a k a n,,CrequiMontfortRivet1913,106_earth-A,
more-106_earth-1,,more,106_earth,namakan,namakan,n a m a k a n,,Angenot2002;Leigue1957,106_earth-A,
orowin-106_earth-1,,orowin,106_earth,namakan,namakan,n a m a k a n,,Birchall2016;deFranca2002,106_earth-A,
tapakura-106_earth-1,,tapakura,106_earth,jamakan,jamakan,j a m a k a n,,CrequiMontfortRivet1913,106_earth-A,
urupa-106_earth-1,,urupa,106_earth,manaka,manaka,m a n a k a,,Nimuendaju1925,106_earth-A,
wanyam-106_earth-1,,wanyam,106_earth,namakan,namakan,n a m a k a n,,Ribeiro1998;Hanke1975,106_earth-A,
wari-106_earth-1,,wari,106_earth,makanʔ,makanʔ,m a k a n ʔ,,EverettKern1997;Kern1996,106_earth-A,
cojubim-106_earth-2,,cojubim,106_earth,timak,timak,t i m a k,,Duran2000,106_earth-B,
kitemoka-106_earth-2,,kitemoka,106_earth,tʃema,tʃema,tʃ e m a,,CrequiMontfortRivet1913,106_earth-B,
more-106_earth-2,,more,106_earth,timak,timak,t i m a k,,Angenot2002;Leigue1957,106_earth-B,
tapakura-106_earth-2,,tapakura,106_earth,tʃimak,tʃimak,tʃ i m a k,,CrequiMontfortRivet1913,106_earth-B,
tora-106_earth-1,,tora,106_earth,timak,timak,t i m a k,,Nimuendaju1925;Nimuendaju1923,106_earth-B,
cojubim-107_sky-1,,cojubim,107_sky,awin,awin,a w i n,,Duran2000,107_sky-A,
jaru-107_sky-1,,jaru,107_sky,awi,awi,a w i,,Rondon1948,107_sky-A,
kitemoka-107_sky-1,,kitemoka,107_sky,awen,awen,a w e n,,CrequiMontfortRivet1913,107_sky-A,
more-107_sky-1,,more,107_sky,awin,awin,a w i n,,Angenot2002;Leigue1957,107_sky-A,
orowin-107_sky-1,,orowin,107_sky,awin,awin,a w i n,,Birchall2016;deFranca2002,107_sky-A,
tapakura-107_sky-1,,tapakura,107_sky,awin,awin,a w i n,,CrequiMontfortRivet1913,107_sky-A,
tora-107_sky-1,,tora,107_sky,awin,awin,a w i n,,Nimuendaju1925;Nimuendaju1923,107_sky-A,
urupa-107_sky-1,,urupa,107_sky,awin,awin,a w i n,,Nimuendaju1925,107_sky-A,
wanyam-107_sky-1,,wanyam,107_sky,awin,awin,a w i n,,Ribeiro1998;Hanke1975,107_sky-A,
wari-107_sky-1,,wari,107_sky,nanawin,nanawin,n a n a w i n,,EverettKern1997;Kern1996,107_sky-A,
orowin-108_wind-1,,orowin,108_wind,pafotiʔ,pafotiʔ,p a f o t i ʔ,,Birchall2016;deFranca2002,108_wind-A,
tora-108_wind-1,,tora,108_wind,pahuzi,pahuzi,p a h u z i,,Nimuendaju1925;Nimuendaju1923,108_wind-A,
wanyam-108_wind-1,,wanyam,108_wind,pahotiʔ,pahotiʔ,p a h o t i ʔ,,Ribeiro1998;Hanke1975,108_wind-A,
wari-108_wind-1,,wari,108_wind,hotowa,hotowa,h o t o w a,,EverettKern1997;Kern1996,108_wind-A,
jaru-108_wind-1,,jaru,108_wind,kaho,kaho,k a h o,,Rondon1948,108_wind-B,
urupa-108_wind-1,,urupa,108_wind,kako,kako,k a k o,,Nimuendaju1925,108_wind-B,
cojubim-108_wind-1,,cojubim,108_wind,pujani,pujani,p u j a n i,,Duran2000,108_wind-C,
more-108_wind-1,,more,108_wind,pujani,pujani,p u j a n i,,Angenot2002;Leigue1957,108_wind-C,
kitemoka-108_wind-1,,kitemoka,108_wind,irin,irin,i r i n,,CrequiMontfortRivet1913,108_wind-D,
cojubim-109_smoke-1,,cojubim,109_smoke,iwiʔ,iwiʔ,i w i ʔ,,Duran2000,109_smoke-A,
jaru-109_smoke-1,,jaru,109_smoke,iwi,iwi,i w i,,Rondon1948,109_smoke-A,
more-109_smoke-1,,more,109_smoke,iwi,iwi,i w i,,Angenot2002;Leigue1957,109_smoke-A,
tora-109_smoke-1,,tora,109_smoke,iwiʔ,iwiʔ,i w i ʔ,,Nimuendaju1925;Nimuendaju1923,109_smoke-A,
urupa-109_smoke-1,,urupa,109_smoke,iwi,iwi,i w i,,Nimuendaju1925,109_smoke-A,
wanyam-109_smoke-1,,wanyam,109_smoke,iwi,iwi,i w i,,Ribeiro1998;Hanke1975,109_smoke-A,
wari-109_smoke-1,,wari,109_smoke,taɲʔ,taɲʔ,t a ɲ ʔ,,EverettKern1997;Kern1996,109_smoke-B,
orowin-109_smoke-1,,orowin,109_smoke,torotoʔ,torotoʔ,t o r o t o ʔ,,Birchall2016;deFranca2002,109_smoke-C,
cojubim-110_fire-1,,cojubim,110_fire,itʃe,itʃe,i tʃ e,,Duran2000,110_fire-A,
jaru-110_fire-1,,jaru,110_fire,ise,ise,i s e,,Rondon1948,110_fire-A,
kitemoka-110_fire-1,,kitemoka,110_fire,ise,ise,i s e,,CrequiMontfortRivet1913,110_fire-A,
more-110_fire-1,,more,110_fire,itʃe,itʃe,i tʃ e,,Angenot2002;Leigue1957,110_fire-A,
orowin-110_fire-1,,orowin,110_fire,ise,ise,i s e,,Birchall2016;deFranca2002,110_fire-A,
tapakura-110_fire-1,,tapakura,110_fire,ise,ise,i s e,,CrequiMontfortRivet1913,110_fire-A,
tora-110_fire-1,,tora,110_fire,iʃeʔ,iʃeʔ,i ʃ e ʔ,,Nimuendaju1925;Nimuendaju1923,110_fire-A,
urupa-110_fire-1,,urupa,110_fire,ise,ise,i s e,,Nimuendaju1925,110_fire-A,
wanyam-110_fire-1,,wanyam,110_fire,iʃeʔ,iʃeʔ,i ʃ e ʔ,,Ribeiro1998;Hanke1975,110_fire-A,
wari-110_fire-1,,wari,110_fire,tʃe,tʃe,tʃ e,,EverettKern1997;Kern1996,110_fire-A,
jaru-111_ashes-1,,jaru,111_ashes,burete pakon,burete pakon,b u r e t e + p a k o n,,Rondon1948,111_ashes-A,
more-111_ashes-1,,more,111_ashes,rupitsikon,rupitsikon,r u p i ts i k o n,,Angenot2002;Leigue1957,111_ashes-A,
orowin-111_ashes-1,,orowin,111_ashes,morotipakon,morotipakon,m o r o t i p a k o n,,Birchall2016;deFranca2002,111_ashes-A,
tora-111_ashes-1,,tora,111_ashes,murooton,murooton,m u r oː t o n,,Nimuendaju1925;Nimuendaju1923,111_ashes-A,
urupa-111_ashes-1,,urupa,111_ashes,murupatekon,murupatekon,m u r u p a t e k o n,,Nimuendaju1925,111_ashes-A,
wari-111_ashes-1,,wari,111_ashes,topakon,topakon,t o p a k o n,,EverettKern1997;Kern1996,111_ashes-A,
cojubim-112_road-1,,cojubim,112_road,wana,wana,w a n a,,Duran2000,112_road-A,
more-112_road-1,,more,112_road,wana,wana,w a n a,,Angenot2002;Leigue1957,112_road-A,
orowin-112_road-1,,orowin,112_road,wanaʔ,wanaʔ,w a n a ʔ,,Birchall2016;deFranca2002,112_road-A,
tora-112_road-1,,tora,112_road,wana,wana,w a n a,,Nimuendaju1925;Nimuendaju1923,112_road-A,
wanyam-112_road-1,,wanyam,112_road,wanaʔ,wanaʔ,w a n a ʔ,,Ribeiro1998;Hanke1975,112_road-A,
wari-112_road-1,,wari,112_road,wana,wana,w a n a,,EverettKern1997;Kern1996,112_road-A,
cojubim-113_red-1,,cojubim,113_red,mem,mem,m e m,,Duran2000,113_red-A,
more-113_red-1,,more,113_red,mem,mem,m e m,,Angenot2002;Leigue1957,113_red-A,
orowin-113_red-1,,orowin,113_red,mem,mem,m e m,,Birchall2016;deFranca2002,113_red-A,
tora-113_red-1,,tora,113_red,mëbn,mëbn,m ë b n,,Nimuendaju1925;Nimuendaju1923,113_red-A,
wanyam-113_red-1,,wanyam,113_red,pakaɲikon,pakaɲikon,p a k a ɲ i k o n,,Ribeiro1998;Hanke1975,113_red-B,
wari-113_red-1,,wari,113_red,pakaʔ,pakaʔ,p a k a ʔ,,EverettKern1997;Kern1996,113_red-B,
jaru-113_red-1,,jaru,113_red,temʔ,temʔ,t e m ʔ,,Rondon1948,113_red-C,
urupa-113_red-1,,urupa,113_red,tym,tym,t y m,,Nimuendaju1925,113_red-C,
kitemoka-113_red-1,,kitemoka,113_red,tiopatʃene,tiopatʃene,t i o p a tʃ e n e,,CrequiMontfortRivet1913,113_red-D,
tapakura-113_red-1,,tapakura,113_red,tupatʃini,tupatʃini,t u p a tʃ i n i,,CrequiMontfortRivet1913,113_red-D,
wari-114_yellow-1,,wari,114_yellow,kotʃik,kotʃik,k o tʃ i k,,EverettKern1997;Kern1996,114_yellow-A,
more-114_yellow-1,,more,114_yellow,sasik,sasik,s a s i k,,Angenot2002;Leigue1957,114_yellow-B,
kitemoka-114_yellow-1,,kitemoka,114_yellow,atʃiwi,atʃiwi,a tʃ i w i,,CrequiMontfortRivet1913,114_yellow-C,
tapakura-114_yellow-1,,tapakura,114_yellow,ituwi,ituwi,i t u w i,,CrequiMontfortRivet1913,114_yellow-C,
cojubim-115_white-1,,cojubim,115_white,towaʔ,towaʔ,t o w a ʔ,,Duran2000,115_white-A,
jaru-115_white-1,,jaru,115_white,toa,toa,t o a,,Rondon1948,115_white-A,
more-115_white-1,,more,115_white,towa,towa,t o w a,,Angenot2002;Leigue1957,115_white-A,
orowin-115_white-1,,orowin,115_white,towaʔ,towaʔ,t o w a ʔ,,Birchall2016;deFranca2002,115_white-A,
tora-115_white-1,,tora,115_white,tuag,tuag,t u a g,,Nimuendaju1925;Nimuendaju1923,115_white-A,
urupa-115_white-1,,urupa,115_white,tua,tua,t u a,,Nimuendaju1925,115_white-A,
wanyam-115_white-1,,wanyam,115_white,towa,towa,t o w a,,Ribeiro1998;Hanke1975,115_white-A,
wari-115_white-1,,wari,115_white,towoʔ,towoʔ,t o w o ʔ,,EverettKern1997;Kern1996,115_white-A,
kitemoka-115_white-1,,kitemoka,115_white,tihoti,tihoti,t i h o t i,,CrequiMontfortRivet1913,115_white-B,
tapakura-115_white-1,,tapakura,115_white,tahuti,tahuti,t a h u t i,,CrequiMontfortRivet1913,115_white-B,
orowin-116_black-1,,orowin,116_black,mesem,mesem,m e s e m,,Birchall2016;deFranca2002,116_black-A,
tora-116_black-1,,tora,116_black,morem,morem,m o r e m,,Nimuendaju1925;Nimuendaju1923,116_black-A,
wari-116_black-1,,wari,116_black,mitʃem,mitʃem,m i tʃ e m,,EverettKern1997;Kern1996,116_black-A,
wanyam-116_black-1,,wanyam,116_black,tukan,tukan,t u k a n,,Ribeiro1998;Hanke1975,116_black-B,
jaru-116_black-1,,jaru,116_black,sagaj,sagaj,s a g a j,,Rondon1948,116_black-C,
urupa-116_black-1,,urupa,116_black,skaid,skaid,s k a i d,,Nimuendaju1925,116_black-C,
kitemoka-116_black-1,,kitemoka,116_black,juitamake,juitamake,j u i t a m a k e,,CrequiMontfortRivet1913,116_black-D,
tapakura-116_black-1,,tapakura,116_black,witam,witam,w i t a m,,CrequiMontfortRivet1913,116_black-D,
cojubim-116_black-1,,cojubim,116_black,tom,tom,t o m,,Duran2000,116_black-E,
more-116_black-1,,more,116_black,tom,tom,t o m,,Angenot2002;Leigue1957,116_black-E,
orowin-116_black-2,,orowin,116_black,tom,tom,t o m,,Birchall2016;deFranca2002,116_black-E,
wari-116_black-2,,wari,116_black,tom,tom,t o m,,EverettKern1997;Kern1996,116_black-E,
cojubim-117_night-1,,cojubim,117_night,isim,isim,i s i m,,Duran2000,117_night-A,
jaru-117_night-1,,jaru,117_night,etimʔ,etimʔ,e t i m ʔ,,Rondon1948,117_night-A,
kitemoka-117_night-1,,kitemoka,117_night,paitin,paitin,p a i t i n,,CrequiMontfortRivet1913,117_night-A,
more-117_night-1,,more,117_night,isim,isim,i s i m,,Angenot2002;Leigue1957,117_night-A,
orowin-117_night-1,,orowin,117_night,itim,itim,i t i m,,Birchall2016;deFranca2002,117_night-A,
tapakura-117_night-1,,tapakura,117_night,paitin,paitin,p a i t i n,,CrequiMontfortRivet1913,117_night-A,
tora-117_night-1,,tora,117_night,ijsibm,ijsibm,i j s i b m,,Nimuendaju1925;Nimuendaju1923,117_night-A,
wanyam-117_night-1,,wanyam,117_night,itim,itim,i t i m,,Ribeiro1998;Hanke1975,117_night-A,
wari-117_night-1,,wari,117_night,tʃim,tʃim,tʃ i m,,EverettKern1997;Kern1996,117_night-A,
jaru-118_day-1,,jaru,118_day,toa,toa,t o a,,Rondon1948,118_day-A,
orowin-118_day-1,,orowin,118_day,towa,towa,t o w a,,Birchall2016;deFranca2002,118_day-A,
tapakura-118_day-1,,tapakura,118_day,tuwa,tuwa,t u w a,,CrequiMontfortRivet1913,118_day-A,
tora-118_day-1,,tora,118_day,toa,toa,t o a,,Nimuendaju1925;Nimuendaju1923,118_day-A,
wanyam-118_day-1,,wanyam,118_day,towa,towa,t o w a,,Ribeiro1998;Hanke1975,118_day-A,
wari-118_day-1,,wari,118_day,towa,towa,t o w a,,EverettKern1997;Kern1996,118_day-A,
wari-118_day-2,,wari,118_day,tʃek,tʃek,tʃ e k,,EverettKern1997;Kern1996,118_day-B,
cojubim-118_day-1,,cojubim,118_day,tipat,tipat,t i p a t,,Duran2000,118_day-C,
more-118_day-1,,more,118_day,tijipat,tijipat,t i j i p a t,,Angenot2002;Leigue1957,118_day-C,
tora-118_day-2,,tora,118_day,anapat,anapat,a n a p a t,,Nimuendaju1925;Nimuendaju1923,118_day-C,
cojubim-119_summer-1,,cojubim,119_summer,kawaziʔ,kawaziʔ,k a w a z i ʔ,,Duran2000,119_summer-A,
more-119_summer-1,,more,119_summer,kawaʒ̟i,kawaʒ̟i,k a w a ʒ̟ i,,Angenot2002;Leigue1957,119_summer-A,
orowin-119_summer-1,,orowin,119_summer,kawatiʔ,kawatiʔ,k a w a t i ʔ,,Birchall2016;deFranca2002,119_summer-A,
wanyam-119_summer-1,,wanyam,119_summer,kawatiʔ,kawatiʔ,k a w a t i ʔ,,Ribeiro1998;Hanke1975,119_summer-A,
wari-119_summer-1,,wari,119_summer,kawatʃiʔ,kawatʃiʔ,k a w a tʃ i ʔ,,EverettKern1997;Kern1996,119_summer-A,
cojubim-120_cold-1,,cojubim,120_cold,tʃiwʔ,tʃiwʔ,tʃ i w ʔ,,Duran2000,120_cold-A,
more-120_cold-1,,more,120_cold,tʃiw,tʃiw,tʃ i w,,Angenot2002;Leigue1957,120_cold-A,
orowin-120_cold-1,,orowin,120_cold,surimi,surimi,s u r i m i,,Birchall2016;deFranca2002,120_cold-A,
tora-120_cold-1,,tora,120_cold,siuni,siuni,s i u n i,,Nimuendaju1925;Nimuendaju1923,120_cold-A,
urupa-120_cold-1,,urupa,120_cold,siv,siv,s i v,,Nimuendaju1925,120_cold-A,
wari-120_cold-1,,wari,120_cold,tʃiw,tʃiw,tʃ i w,,EverettKern1997;Kern1996,120_cold-A,
wanyam-120_cold-1,,wanyam,120_cold,kipin,kipin,k i p i n,,Ribeiro1998;Hanke1975,120_cold-B,
orowin-121_new-1,,orowin,121_new,sokori,sokori,s o k o r i,,Birchall2016;deFranca2002,121_new-A,
tora-121_new-1,,tora,121_new,tukurudn,tukurudn,t u k u r u d n,,Nimuendaju1925;Nimuendaju1923,121_new-A,
wari-121_new-1,,wari,121_new,tʃokori,tʃokori,tʃ o k o r i,,EverettKern1997;Kern1996,121_new-A,
more-121_new-1,,more,121_new,takan,takan,t a k a n,,Angenot2002;Leigue1957,121_new-B,
orowin-122_old-1,,orowin,122_old,foron,foron,f o r o n,,Birchall2016;deFranca2002,122_old-A,
wanyam-122_old-1,,wanyam,122_old,marahoron,marahoron,m a r a h o r o n,,Ribeiro1998;Hanke1975,122_old-A,
wari-122_old-1,,wari,122_old,horon,horon,h o r o n,,EverettKern1997;Kern1996,122_old-A,
tora-122_old-1,,tora,122_old,serati,serati,s e r a t i,,Nimuendaju1925;Nimuendaju1923,122_old-B,
kitemoka-122_old-1,,kitemoka,122_old,tarakon,tarakon,t a r a k o n,,CrequiMontfortRivet1913,122_old-C,
tapakura-122_old-1,,tapakura,122_old,itarakun,itarakun,i t a r a k u n,,CrequiMontfortRivet1913,122_old-C,
more-122_old-1,,more,122_old,ukut,ukut,u k u t,,Angenot2002;Leigue1957,122_old-D,
orowin-123_good-1,,orowin,123_good,awi,awi,a w i,,Birchall2016;deFranca2002,123_good-A,
wari-123_good-1,,wari,123_good,awiʔ,awiʔ,a w i ʔ,,EverettKern1997;Kern1996,123_good-A,
jaru-123_good-1,,jaru,123_good,asap,asap,a s a p,,Rondon1948,123_good-B,
kitemoka-123_good-1,,kitemoka,123_good,navisaja,navisaja,n a v i s a j a,,CrequiMontfortRivet1913,123_good-B,
orowin-123_good-2,,orowin,123_good,isap,isap,i s a p,,Birchall2016;deFranca2002,123_good-B,
tapakura-123_good-1,,tapakura,123_good,nawasa,nawasa,n a w a s a,,CrequiMontfortRivet1913,123_good-B,
urupa-123_good-1,,urupa,123_good,wasab,wasab,w a s a b,,Nimuendaju1925,123_good-B,
cojubim-123_good-1,,cojubim,123_good,namiʔ,namiʔ,n a m i ʔ,,Duran2000,123_good-C,
wanyam-123_good-1,,wanyam,123_good,ija,ija,i j a,,Ribeiro1998;Hanke1975,123_good-C,
tora-123_good-1,,tora,123_good,itera,itera,i t e r a,,Nimuendaju1925;Nimuendaju1923,123_good-D,
more-123_good-1,,more,123_good,piriman,piriman,p i r i m a n,,Angenot2002;Leigue1957,123_good-E,
more-124_name-1,,more,124_name,wit,wit,w i t,,Angenot2002;Leigue1957,124_name-A,
orowin-124_name-1,,orowin,124_name,witi,witi,w i t i,,Birchall2016;deFranca2002,124_name-A,
tora-124_name-1,,tora,124_name,viti,viti,v i t i,,Nimuendaju1925;Nimuendaju1923,124_name-A,
urupa-124_name-1,,urupa,124_name,yvyty,yvyty,y v y t y,,Nimuendaju1925,124_name-A,
wanyam-124_name-1,,wanyam,124_name,uwaw,uwaw,u w a w,,Ribeiro1998;Hanke1975,124_name-A,
wari-124_name-1,,wari,124_name,witʃi,witʃi,w i tʃ i,,EverettKern1997;Kern1996,124_name-A,
cojubim-125_afternoon-1,,cojubim,125_afternoon,irawin,irawin,i r a w i n,,Duran2000,125_afternoon-A,
more-125_afternoon-1,,more,125_afternoon,irawin,irawin,i r a w i n,,Angenot2002;Leigue1957,125_afternoon-A,
orowin-125_afternoon-1,,orowin,125_afternoon,irawin,irawin,i r a w i n,,Birchall2016;deFranca2002,125_afternoon-A,
tora-125_afternoon-1,,tora,125_afternoon,ireawidn,ireawidn,i r e a w i d n,,Nimuendaju1925;Nimuendaju1923,125_afternoon-A,
wanyam-125_afternoon-1,,wanyam,125_afternoon,irawin,irawin,i r a w i n,,Ribeiro1998;Hanke1975,125_afternoon-A,
wari-125_afternoon-1,,wari,125_afternoon,irawin,irawin,i r a w i n,,EverettKern1997;Kern1996,125_afternoon-A,
